player_id,Playing.for,uf_position,dt_avg,disp_avg,risk,usage,talent,form,model_raw,projected,adp
ArchieSmith12472,Brisbane Lions,RUC,48,10,9,2.677376171,48,35,18.23110041405549,32.72048528967989,-40.2795147103201
BenMcEvoy11682,Hawthorn,RUC,76,12,55,3.187250996,82.3,74.18181818,40.34955783580651,72.417851014288,-0.582148985711996
BraydonPreuss12500,Melbourne,RUC,50,8,23,2.071465562,56.33333333,50,22.882415184727982,41.06848804732609,-31.9315119526739
BrodieGrundy12217,Collingwood,RUC,121,21,68,5.260521042,120.8,122.0833333,66.63061723457139,119.58609637108044,46.5860963710804
CallumColeman-Jones12730,Richmond,RUC,66,13,5,3.544165758,66,72,31.928695602976315,57.30440791113256,-15.6955920888674
CallumSinclair12158,Sydney,RUC,73,11,32,2.959375841,81.83333333,64,36.07107594392429,64.73899452038357,-8.26100547961643
HaydenMcLean12745,Sydney,RUC,65,11,18,2.959375841,64.875,64.75,29.885051027953615,53.63655239305254,-19.3634476069475
IvanSoldo12529,Richmond,RUC,72,10,45,2.726281352,72.1,73.22222222,35.08029184813384,62.96077292677276,-10.0392270732272
JarrodWitts12177,Gold Coast,RUC,106,15,68,4.413062665,106,106.1666667,57.217744089230706,102.69222983034815,29.6922298303482
JonathonCeglar12210,Hawthorn,RUC,75,13,50,3.452855246,74.81818182,79.125,39.17728189110009,70.31389475640682,-2.68610524359318
MabiorChol12485,Richmond,RUC,55,8,41,2.181025082,54.88888889,54.77777778,24.95859030723714,44.794728154175935,-28.2052718458241
MatthewKreuzer11645,Carlton,RUC,85,13,50,3.746397695,95.76666667,82.55555556,46.93836130960541,84.24318477059916,11.2431847705992
MaxGawn11966,Melbourne,RUC,111,18,64,4.660797514,111.1785714,112.0909091,60.12864510278163,107.91660420328377,34.916604203283804
NathanVardy11955,West Coast,RUC,51,7,23,1.965739961,59.46153846,39.5,21.79196829301543,39.11139545998288,-33.8886045400171
NicNaitanui11768,West Coast,RUC,73,11,14,3.089019938,77.77777778,72.66666667,35.199420632884035,63.17458073653015,-9.82541926346985
NoahBalta12686,Richmond,RUC,44,9,27,2.453653217,43.83333333,33.33333333,17.52451214330277,31.452327548570626,-41.5476724514294
OscarMcInerney12617,Brisbane Lions,RUC,59,9,55,2.409638554,59.16666667,63.8,29.497332757405864,52.94069039460635,-20.0593096053937
PeterLadhams12729,Port Adelaide,RUC,66,15,23,3.994673768,65.8,69.25,33.9875203946729,60.99950830445823,-12.0004916955418
RhysStanley11847,Geelong,RUC,78,14,45,3.683241252,79.04545455,75.875,40.11857945964245,72.00329981398396,-0.996700186016042
RoryLobb12282,Fremantle,RUC,73,12,36,3.30487469,82.5,64.2,37.51451206979867,67.32961875318372,-5.67038124681628
RowanMarshall12564,St Kilda,RUC,104,18,64,4.630820684,103.8214286,102.4166667,56.156296039000196,100.78718326022721,27.7871832602272
ScottLycett11994,Port Adelaide,RUC,95,18,50,4.793608522,94.90909091,100,52.32023299917347,93.90236328698163,20.9023632869816
SeanDarcy12547,Fremantle,RUC,69,11,50,3.029468466,76.3125,68.4,36.73144781141404,65.92420481955224,-7.07579518044776
ShaneMumford11656,Greater Western Sydney,RUC,56,9,45,2.381582429,69.69230769,59.125,31.06851503527063,55.76058855997681,-17.2394114400232
StefanMartin11684,Brisbane Lions,RUC,85,16,68,4.283801874,89.86666667,90.33333333,49.25506995756321,88.40112529609456,15.4011252960946
TimEnglish12537,Western Bulldogs,RUC,74,13,64,3.353973168,74,75,39.08472523437681,70.14777759090424,-2.85222240909576
TobyNankervis12374,Richmond,RUC,95,16,14,4.362050164,94.83333333,84.5,45.70589368863949,82.03119878259311,9.03119878259311
ToddGoldstein11686,North Melbourne,RUC,91,17,68,4.620820875,95.53333333,88.16666667,51.49215611578807,92.41616240682814,19.4161624068281
TomBellchambers11675,Essendon,RUC,74,10,36,2.620545073,78.75,76.6,36.706342749098354,65.87914720901088,-7.12085279098912
TomCampbell12097,North Melbourne,RUC,40,8,5,2.174503941,64.625,40,22.56829100331052,40.504709919633996,-32.495290080366
TomHickey12003,West Coast,RUC,69,13,59,3.650659927,71.14285714,72.66666667,38.17847645988321,68.521276775202125,-4.47872322479787
AdamTomlinson12027,Greater Western Sydney,MID,73,17,68,4.498544589,75.36666667,72,38.63419337468575,69.33918015285886,-22.6608198471411
AidenBonar12669,Greater Western Sydney,FWD,42,10,9,2.646202699,50.5,42,18.07018339801879,32.43167755254359,-19.5683224474564
AlexKeath12560,Adelaide,DEF,59,14,50,3.65535248,65,58.75,30.337352108706213,54.44832516173642,2.44832516173642
AndrewPhillips12075,Carlton,RUC,78,11,18,3.170028818,77.875,76,36.31939230023743,65.1846632677109,-7.8153367322891
BenCrocker12436,Collingwood,FWD,45,8,14,2.004008016,50.33333333,44.66666667,17.767657348327084,31.888715310338462,-20.1112846896615
BenKeays12434,Brisbane Lions,FWD,52,14,9,3.74832664,56,53,23.50799575925696,42.191256257773986,-9.80874374222601
BillyStretch12353,Melbourne,FWD,68,18,18,4.660797514,82.5,72.5,37.21665457651016,66.79503545836221,14.7950354583622
BlakeAcres12276,St Kilda,FWD,69,17,55,4.373552869,74.42857143,66.81818182,36.222960623019894,65.01159136287826,13.0115913628783
BobbyHill12744,Greater Western Sydney,FWD,50,10,32,2.646202699,50.14285714,50.28571429,21.18939447492468,38.029918900532635,-13.9700810994674
BradleyHill12060,Fremantle,MID,94,27,68,7.435968053,94,91,52.59892353117059,94.4025464490224,2.4025464490224002
BrandonEllis12034,Richmond,MID,78,21,59,5.72519084,84.5,76.54545455,43.59228977158701,78.23778289954487,-13.7622171004551
BrandonWhite12486,St Kilda,DEF,56,10,5,2.572678158,56,56,21.68512113360593,38.919630244044114,-13.0803697559559
BrendonAh Chee12338,West Coast,DEF,69,15,5,4.212299916,69,69,30.682861906475196,55.0684329993645,3.0684329993645
CallumAh Chee12414,Gold Coast,DEF,62,17,5,5.001471021,62,62,28.701630519260128,51.51259429580255,-0.48740570419745
CallumBrown12545,Collingwood,MID,64,15,64,3.75751503,63.75,64,32.12920370701402,57.66427222648509,-34.3357277735149
CamEllis-Yolmen12283,Adelaide,MID,100,24,18,6.266318538,100,89,48.12916090449202,86.3803865709581,-5.61961342904191
ChrisMasten11638,West Coast,MID,70,18,45,5.054759899,72.17857143,74.33333333,37.17868284320695,66.72688523633757,-25.2731147636624
ColinORiordan12658,Sydney,DEF,55,14,45,3.766478343,60.33333333,53.625,27.83132778821854,49.950608071062106,-2.04939192893789
ConnorMenadue12356,Richmond,FWD,42,10,9,2.726281352,50,50,19.408934962405777,34.83441791786397,-17.165582082136
DanButler12490,Richmond,FWD,52,9,27,2.453653217,58.375,51.25,23.151310200781715,41.551090590092585,-10.4489094099074
DawsonSimpson11822,Greater Western Sydney,RUC,70,8,36,2.116962159,74.25,69.71428571,32.86600036502034,58.98664683154154,-14.0133531684585
DougalHoward12420,Port Adelaide,DEF,52,10,36,2.663115846,56.33333333,43.16666667,22.228974260352174,39.8957171411207,-12.1042828588793
EddieBetts4060,Adelaide,FWD,58,12,64,3.133159269,63.57142857,55.63636364,29.588529648079682,53.10436710374545,1.10436710374545
EdLangdon12393,Fremantle,MID,92,25,68,6.885155605,97,91.58333333,52.67459418877321,94.53835726585262,2.53835726585262
GrantBirchall4149,Hawthorn,DEF,73,21,14,5.577689243,77.125,73,36.90546524847971,66.236524693851493,14.2365246938515
HughGreenwood12533,Adelaide,FWD,80,17,41,4.438642298,80.05555556,74.71428571,38.28677497380045,68.71564682698416,16.7156468269842
JackMartin12236,Gold Coast,FWD,81,17,41,5.001471021,83.5,81,41.37193173918367,74.25276879249378,22.2527687924938
JackNewnes12050,St Kilda,MID,64,16,59,4.116285053,76.1,61,35.62707060038363,63.942110625176625,-28.0578893748234
JackSteven11791,St Kilda,FWD,73,18,23,4.630820684,85.56666667,69,37.91003233953577,68.03948348289173,16.0394834828917
JaegerOMeara12141,Hawthorn,MID,97,25,68,6.640106242,98.03571429,98.75,53.78643460322702,96.53384613374125,4.53384613374125
JamesAish12250,Collingwood,DEF,74,19,41,4.759519038,74.22222222,78,37.603481375894205,67.48929747828622,15.4892974782862
JamesRose12389,Sydney,MID,56,13,23,3.497444175,55.9,55.8,24.632987644571088,44.21034888512032,-47.7896511148797
JayKennedy-Harris12245,Melbourne,MID,66,17,23,4.401864319,71.66666667,59.25,31.602719550499252,56.71935849625245,-35.2806415037476
JeffGarlett11711,Melbourne,FWD,55,8,14,2.071465562,60.42857143,52,22.221951204020947,39.883112426860144,-12.1168875731399
Jordande Goey12318,Collingwood,FWD,78,17,45,4.258517034,81.31818182,81.125,39.768838836746916,71.37559865241094,19.3755986524109
JoshBruce12065,St Kilda,FWD,65,13,68,3.344481605,67.32142857,63.66666667,32.778335702434326,58.829309630965376,6.82930963096538
JoshJenkins12074,Adelaide,FWD,79,13,41,3.394255875,81.7,79.28571429,37.77675952073075,67.80029049902434,15.8002904990243
JoshKennedy11672,Sydney,MID,97,26,59,6.994888351,98.83333333,99.63636364,54.07457679080011,97.05099276755347,5.05099276755347
JoshKennedy4169,West Coast,FWD,51,8,59,2.246559955,65.75,48.54545455,27.140500561585004,48.71073765219556,-3.28926234780444
JoshWalker12109,Brisbane Lions,DEF,47,11,23,2.945113788,57.08333333,41.66666667,21.65620883893608,38.86773955774707,-13.1322604422529
KaidenBrand12435,Hawthorn,DEF,48,12,9,3.187250996,54.34615385,47.5,21.108182698788177,37.884163095009534,-14.1158369049905
LewisTaylor12252,Brisbane Lions,FWD,78,19,14,5.087014726,78.33333333,72,36.266370784099024,65.08950226813099,13.089502268131
LochieOBrien12611,Carlton,FWD,57,14,50,4.034582133,57.09090909,57.18181818,28.29515027222883,50.78305901589816,-1.21694098410184
MarcPittonet12417,Hawthorn,RUC,54,10,9,2.656042497,54.25,59,24.158397038545804,43.35857172464248,-29.6414282753575
MarkOConnor12531,Geelong,DEF,58,13,59,3.420152591,58,59.6,28.64553845700447,51.41192239689243,-0.588077603107571
MatthewBroadbent11782,Port Adelaide,DEF,74,19,36,5.059920107,74.25,72.66666667,36.82635602055594,66.09454246185403,14.094542461854
Matthewde Boer11746,Greater Western Sydney,MID,67,16,36,4.233924319,75.35714286,64.4,34.35114844902583,61.65213409956367,-30.3478659004363
MaverickWeller11922,Richmond,FWD,54,16,9,4.362050164,58.125,49,24.533471256298977,44.031740658266976,-7.96825934173302
MichaelHartley12419,Essendon,DEF,57,14,14,3.668763103,57.16666667,57.33333333,24.86037106211679,44.61844799049222,-7.38155200950778
MitchBrown11987,Essendon,FWD,66,14,55,3.668763103,68.26923077,68.09090909,33.34206500604178,59.84106953394021,7.84106953394021
PatrickRyder4144,Port Adelaide,RUC,68,9,45,2.396804261,79.3125,69.85714286,35.87632342041916,64.3894601019584,-8.61053989804159
ReillyOBrien12473,Adelaide,RUC,102,16,50,4.177545692,102.0909091,106.7777778,54.08851613324813,97.07601056895655,24.0760105689565
RyanNyhuis12554,Fremantle,DEF,34,9,9,2.478656018,43.875,34,14.396042751322682,25.837469728985656,-26.1625302710143
SamFrost12119,Melbourne,DEF,50,13,68,3.366131538,50.6875,52.41666667,25.807549392673693,46.31840761595711,-5.68159238404289
SamGray12262,Port Adelaide,FWD,69,17,59,4.527296937,76.4375,67.63636364,37.55855077645365,67.40865774811844,15.4086577481184
SamJacobs11708,Adelaide,RUC,81,11,23,2.872062663,88.13333333,82.5,40.19837437547653,72.14651269255093,-0.853487307449072
SamReid11705,Greater Western Sydney,FWD,65,15,68,3.969304049,64.8,63.91666667,33.11736608127371,59.43778845405475,7.43778845405475
ScottJones12640,Fremantle,FWD,78,14,5,3.855687139,78,78,34.357175555634136,61.662951321159596,9.6629513211596
TimKelly12595,Geelong,MID,96,26,68,6.840305183,96.23333333,92.91666667,52.58843438232705,94.38372092381319,2.38372092381319
TimOBrien12242,Hawthorn,FWD,59,12,55,3.187250996,59.40909091,59.7,28.37836186047162,50.93240400809238,-1.06759599190762
TomJok12759,Essendon,DEF,58,12,5,3.144654088,58,58,23.616983553768446,42.38686340413792,-9.61313659586208
TomLynch11948,Richmond,FWD,65,11,68,2.998909487,70.75,70.25,34.35321603448384,61.65584492326754,9.65584492326754
ZacClarke11771,Essendon,RUC,64,11,27,2.882599581,64.08333333,64.16666667,30.060452177509404,53.95135570187576,-19.0486442981242
ZacSmith11909,Geelong,RUC,73,12,14,3.157063931,77.29166667,71,34.942828424273955,62.71405880441465,-10.2859411955854
ZakJones12288,Sydney,MID,83,22,45,5.918751681,89.5,81.66666667,45.2138216235043,81.14804656451277,-10.8519534354872
AaronHall12041,North Melbourne,MID,94,22,9,5.979885839,94.25,106,48.03982149635735,86.22004360079896,-5.77995639920104
AdamTreloar12054,Collingwood,MID,116,34,68,8.517034068,116.2333333,119.5,66.09760283282752,118.62946240520081,26.6294624052008
AndrewGaff11904,West Coast,MID,108,32,59,8.98623982,109.7916667,105.6363636,61.86284260754695,111.02907589480743,19.0290758948074
AndrewMcGrath12491,Essendon,MID,73,21,68,5.503144654,82.5,69.75,42.16182150414984,75.67043288561227,-16.3295671143877
AngusBrayshaw12322,Melbourne,MID,87,21,68,5.4375971,101.3846154,87.08333333,50.77816500836578,91.13471833615856,-0.865281663841444
AnthonyMiles12059,Gold Coast,MID,88,22,55,6.472491909,87.83333333,88.11111111,47.53612227640683,85.31602340769489,-6.68397659230511
BenCunnington11835,North Melbourne,MID,79,26,68,7.067137809,98,78.41666667,51.06295958055399,91.64585679726213,-0.354143202737873
BradCrouch12156,Adelaide,MID,108,30,68,7.832898172,108.1666667,106,60.164926666488526,107.9817209732316,15.9817209732316
BraydenFiorini12481,Gold Coast,MID,93,24,68,7.060900265,92.86666667,88.58333333,51.19958220602575,91.89106188666746,-0.108938113332542
BraydenSier12649,Collingwood,MID,51,14,27,3.507014028,63.25,50.66666667,26.351996967146125,47.29556140519261,-44.7044385948074
BryceGibbs11535,Adelaide,MID,76,19,36,4.960835509,94.63333333,76.33333333,43.53024067266027,78.12641953789583,-13.8735804621042
CameronGuthrie11884,Geelong,MID,73,17,59,4.472507235,73.11538462,71.27272727,37.061556663898436,66.51667162662338,-25.4833283733766
CharlieConstable12687,Geelong,MID,94,26,9,6.840305183,94,106,49.436772314654945,88.7272377724285,-3.2727622275715
ChrisMayne11642,Collingwood,MID,83,20,68,5.01002004,88.5,79.33333333,44.78088657409742,80.3710312119681,-11.6289687880319
ClaytonOliver12410,Melbourne,MID,103,29,68,7.509062662,108.7666667,108.6666667,60.24600196381793,108.12723183178505,16.1272318317851
DanHannebery11783,St Kilda,MID,99,25,23,6.431695395,98.8,98.6,50.067099007783526,89.85852413593871,-2.14147586406129
DavidMundy4088,Fremantle,MID,68,19,68,5.232718259,78.93333333,68.75,40.435221489433715,72.57159688012769,-19.4284031198723
DavidSwallow11919,Gold Coast,MID,90,23,68,6.766696087,90.16666667,92.75,50.57319493238066,90.76684584334264,-1.23315415665736
DavidZaharakis11729,Essendon,MID,72,19,64,4.979035639,87.36666667,69.63636364,42.420316792026746,76.13437039197953,-15.8656296080205
DayneBeams11728,Collingwood,MID,89,24,18,6.012024048,98.7,128,53.900362986903765,96.7383204615387,4.73832046153871
DayneZorko12076,Brisbane Lions,MID,103,22,68,5.890227577,107.5714286,105.8333333,56.626902844370136,101.63181044688122,9.63181044688122
DionPrestia11917,Richmond,MID,102,28,68,7.633587786,101.8666667,104.25,57.594652111148875,103.36869000590771,11.3686900059077
DomSheed12253,West Coast,MID,96,28,68,7.862959843,96.1,92.91666667,54.299032519349474,97.45383736811975,5.45383736811975
DomTyson12032,North Melbourne,MID,80,22,9,5.979885839,85.70833333,87,42.2016120078098,75.74184736746498,-16.258152632535
DoultonLanglands12747,St Kilda,MID,58,12,14,3.08721379,57.83333333,57.66666667,24.125309372571774,43.29918724081075,-48.7008127591892
DylanClarke12632,Essendon,MID,66,15,50,3.93081761,66.09090909,61.9,31.6772967229986,56.85320676762885,-35.1467932323712
DylanShiel12022,Essendon,MID,92,25,64,6.551362683,107,94.75,55.38927666945532,99.410566082542,7.410566082542
DysonHeppell11896,Essendon,MID,91,25,45,6.551362683,97.33333333,87.28571429,49.651864640232034,89.11327729363822,-2.88672270636178
EdCurnow11883,Carlton,MID,95,24,68,6.916426513,94.96666667,95.41666667,52.75368890902779,94.68031346003748,2.68031346003748
EdPhillips12630,St Kilda,MID,54,12,9,3.08721379,63.8,69,27.478298166983606,49.31700394042316,-42.6829960595768
ElliotYeo12087,West Coast,MID,102,24,64,6.739679865,106,102.8181818,56.771581924932676,101.89147495531766,9.89147495531766
GeorgeHewett12411,Sydney,MID,75,22,68,5.918751681,74.86666667,76.08333333,41.604806047547896,74.67072273976629,-17.3292772602337
HarryPerryman12536,Greater Western Sydney,MID,73,18,64,4.763164858,79.5,75.45454545,40.622944121411926,72.90851431674317,-19.0914856832568
HughMcCluggage12518,Brisbane Lions,MID,91,23,64,6.157965194,90.89285714,91.63636364,49.24730191714656,88.38718351274578,-3.61281648725422
IsaacSmith11941,Hawthorn,MID,86,23,64,6.108897742,89.03333333,88.25,48.019303258931615,86.18321824903131,-5.81678175096869
JackBillings12249,St Kilda,MID,98,25,68,6.431695395,98.16666667,105.0833333,54.54234811225346,97.89053093557038,5.89053093557038
JackBowes12499,Gold Coast,MID,64,17,36,5.001471021,67.5,73.6,34.81377872944705,62.48244532276403,-29.517554677236
JackGraham12576,Richmond,MID,85,18,55,4.907306434,84.79166667,82.63636364,42.99513822043778,77.16603801847208,-14.8339619815279
JackMacrae12166,Western Bulldogs,MID,120,35,68,9.029927761,120.0666667,129.0833333,69.77505113496933,125.22960668288913,33.2296066828891
JackRedden11780,West Coast,MID,94,23,68,6.458859871,95.93333333,92.66666667,51.800766487285735,92.97004455828878,0.970044558288777
JackRoss12712,Richmond,MID,61,16,9,4.362050164,61,61,27.447836047257656,49.26233168708968,-42.7376683129103
JacksonHately12715,Greater Western Sydney,MID,62,14,23,3.704683779,61.9,61.8,27.844648639021834,49.974515827196186,-42.0254841728038
JackSteele12368,St Kilda,MID,99,21,59,5.402624132,98.84615385,98.1,51.09122590086762,91.69658811336537,-0.303411886634635
JackViney12147,Melbourne,MID,83,22,68,5.696530295,107.5,83.66666667,52.518836686538236,94.25880962775682,2.25880962775682
JacobAllison12570,Brisbane Lions,MID,44,12,9,3.212851406,57,43.5,21.288604039328472,38.20797645158245,-53.7920235484176
JacobHopper12440,Greater Western Sydney,MID,98,27,55,7.144747288,98.16666667,97.33333333,53.41921185469796,95.87476871831453,3.87476871831453
JamesCousins12539,Hawthorn,MID,76,18,27,4.780876494,75.75,73.66666667,36.26364766021535,65.08461490900542,-26.9153850909946
JamesHarmes12379,Melbourne,MID,93,25,68,6.473329881,92.8,93.16666667,50.94908999816093,91.4414880037711,-0.558511996228901
JamesParsons12513,Geelong,MID,66,16,18,4.209418574,65.75,64.5,29.950566949635423,53.754137876262135,-38.2458621237379
JamesWorpel12619,Hawthorn,MID,101,28,68,7.436918991,101.1666667,102.4166667,56.73257889237229,101.82147379662945,9.82147379662945
JaredPolec11927,North Melbourne,MID,90,24,68,6.523511824,90.13333333,91.66666667,49.96298269936615,89.67166014744572,-2.32833985255428
JarrodBerry12519,Brisbane Lions,MID,79,19,50,5.087014726,80.35714286,78.1,40.77748277705487,73.1858744153554,-18.8141255846446
JarrydLyons12067,Brisbane Lions,MID,106,25,68,6.693440428,106.0333333,107.5833333,57.82715584267887,103.78597885597941,11.7859788559794
JedAnderson12154,North Melbourne,MID,76,19,50,5.164446861,76.09090909,76.55555556,39.339854415622405,70.60567373717738,-21.3943262628226
JoelSelwood11538,Geelong,MID,79,20,68,5.261773218,89.23333333,78.16666667,45.23941188696354,81.1939749956036,-10.8060250043964
JordanClark12688,Geelong,MID,69,16,55,4.209418574,68.875,67.11111111,34.28791272575107,61.53864102968848,-30.4613589703115
JoshDaicos12573,Collingwood,MID,63,17,23,4.258517034,66.5,63.2,30.441361012441504,54.634996384392984,-37.365003615607
JoshDunkley12408,Western Bulldogs,MID,119,31,68,7.997936017,118.7666667,121.75,66.36672791195413,119.11247785641609,27.1124778564161
JoshKelly12255,Greater Western Sydney,MID,119,30,36,7.938608097,119.1875,113.3333333,62.4289776337389,112.0451534971339,20.0451534971339
JyeCaldwell12755,Greater Western Sydney,MID,55,12,9,3.175443239,55,55,22.558815232326424,40.48770316644567,-51.5122968335543
KadeKolodjashnij12256,Melbourne,MID,36,5,5,1.294665976,61.66666667,36,17.847076108572306,32.03125307916809,-59.9687469208319
KamdynMcIntosh12317,Richmond,MID,56,13,41,3.544165758,60.14285714,55.83333333,27.44871465487781,49.26390857861338,-42.7360914213866
KarlAmon12357,Port Adelaide,MID,77,20,64,5.326231691,79.5,74.54545455,41.43333273270691,74.36296895922644,-17.6370310407736
LachieFogarty12596,Geelong,MID,49,10,9,2.630886609,50.45,49,19.214217535643296,34.48494648973701,-57.515053510263
LachieHunter12203,Western Bulldogs,MID,99,27,68,6.965944272,102.4333333,101.1666667,56.10277488289442,100.69112552584627,8.69112552584627
LachieNeale12055,Brisbane Lions,MID,103,30,68,8.032128514,105.5,107.5,59.94220989487762,107.58199738640734,15.5819973864073
LiamShiels11760,Hawthorn,MID,92,23,68,6.108897742,94.56666667,92.58333333,50.7680500455004,91.11656438570435,-0.883435614295649
LukeDunstan12247,St Kilda,MID,84,22,68,5.659891948,92,84.91666667,47.91319995021103,85.99278806800386,-6.00721193199614
LukeParker11953,Sydney,MID,100,25,68,6.725854183,106.5,98.58333333,56.50147288184938,101.4066935230349,9.4066935230349
LukeShuey11805,West Coast,MID,103,27,68,7.582139848,109.5,101.5,59.38227788653034,106.57705272447004,14.57705272447
MarcMurphy4148,Carlton,MID,102,27,55,7.780979827,105.8666667,102.3636364,57.722840892561,103.59875835292112,11.5987583529211
MarcusBontempelli12269,Western Bulldogs,MID,107,27,68,6.965944272,106.8,106.1666667,58.28910275847281,104.61506360235025,12.6150636023502
MarkHutchings12187,West Coast,MID,49,12,41,3.369839933,60.66666667,43,25.137218835037302,45.115323838663315,-46.8846761613367
MattCrouch12258,Adelaide,MID,110,33,59,8.61618799,109.8461538,107.8333333,61.617874611241035,110.5894166566086,18.5894166566086
MattGuelfi12612,Essendon,MID,55,13,50,3.406708595,57.72727273,51.375,26.43148459391343,47.438222773035555,-44.5617772269644
MitchDuncan11798,Geelong,MID,102,26,68,6.840305183,105.1785714,102.3333333,56.927291277474446,102.1709361761763,10.1709361761763
MitchHinge12727,Brisbane Lions,MID,68,14,5,3.74832664,68,68,29.412095724973522,52.78771021225333,-39.2122897877467
MitchRobinson11710,Brisbane Lions,MID,91,21,68,5.62248996,92,93.91666667,49.3734888771338,88.61365906683953,-3.38634093316047
NatFyfe11834,Fremantle,MID,107,29,64,7.986780501,106.9285714,104.6363636,59.50027466749233,106.78882885690358,14.7888288569036
OlegMarkov12459,Richmond,MID,37,8,5,2.181025082,41,37,13.195044614065159,23.681963972856366,-68.3180360271436
OliverFlorent12497,Sydney,MID,67,19,64,5.111649179,69.5,66.36363636,36.61256297446149,65.71083483801931,-26.2891651619807
OllieWines12150,Port Adelaide,MID,95,25,32,6.657789614,99.0625,94.85714286,50.615202293215134,90.84223905609589,-1.15776094390411
OskarBaker12723,Melbourne,MID,58,14,36,3.625064733,58,50.83333333,25.68626701477691,46.10073461916919,-45.8992653808308
PatrickCripps12261,Carlton,MID,99,28,59,8.069164265,105.3333333,103,58.478056852352076,104.95419121992592,12.9541912199259
PatrickDangerfield11700,Geelong,MID,114,29,64,7.629571165,120.0357143,115,64.66438808198158,116.0571831073559,24.0571831073559
PatrickNaish12733,Richmond,MID,74,20,9,5.452562704,73.75,73.5,35.34374584188913,63.43361012976088,-28.5663898702391
PatrickWilson12645,Adelaide,MID,59,15,5,3.916449086,59,59,25.41495518442347,45.61379447006268,-46.3862055299373
PaulSeedsman12035,Adelaide,MID,75,20,55,5.221932115,80.5,79.9,41.754071480354945,74.93861865869037,-17.0613813413096
QuintonNarkle12651,Geelong,MID,85,21,14,5.524861878,84.83333333,84.66666667,41.15551303339332,73.86434873454898,-18.135651265451
ReeceConca11888,Fremantle,MID,73,20,68,5.508124484,74.75,72.58333333,40.272936917285996,72.28033470532185,-19.7196652946782
RickyHenderson11832,Hawthorn,MID,94,23,68,6.108897742,93.96666667,91.16666667,50.34405742411137,90.35559856268706,-1.64440143731294
RoryAtkins12381,Adelaide,MID,83,22,59,5.744125326,82.88461538,79.6,43.646556265884485,78.3351783385505,-13.6648216614495
RorySloane11792,Adelaide,MID,96,24,68,6.266318538,99.53333333,95.5,53.055183018973345,95.2214236160538,3.2214236160538
RupertWills12468,Collingwood,MID,69,17,23,4.258517034,68.9,75,33.17614589941999,59.54328423496234,-32.4567157650377
RyanClarke12461,Sydney,MID,60,17,50,4.573580845,65.31818182,66.625,33.34140499746429,59.839884975660105,-32.1601150243399
SamMenegola12464,Geelong,MID,78,18,18,4.735595896,89.80769231,76.33333333,40.23564397301445,72.21340274802182,-19.7865972519782
SamWalsh12684,Carlton,MID,92,26,68,7.492795389,92.23333333,94.83333333,52.80358826533336,94.76987092595446,2.76987092595446
ScottPendlebury4182,Collingwood,MID,105,27,68,6.763527054,107.5555556,103.0833333,57.6519587710692,103.47154181848825,11.4715418184882
SebastianRoss12132,St Kilda,MID,94,25,68,6.431695395,103.0714286,97.5,54.76247264719835,98.2856020746668,6.2856020746668
ShaunHiggins4180,North Melbourne,MID,94,27,50,7.338950802,95.46666667,91.75,51.58111759933726,92.57582709232213,0.575827092322129
SteeleSidebottom11751,Collingwood,MID,97,25,64,6.26252505,102.3333333,102.9090909,54.845013196875556,98.43374271237799,6.43374271237799
StephenConiglio12028,Greater Western Sydney,MID,103,25,41,6.615506748,107.8214286,84.5,52.189649074203565,93.66799622745118,1.66799622745118
TaylorAdams12066,Collingwood,MID,106,27,23,6.763527054,109.5,105.6,55.103238189266115,98.89719510269168,6.89719510269168
TimTaranto12504,Greater Western Sydney,MID,112,28,68,7.409367558,111.7666667,110.9166667,61.37658662485296,110.15636216017785,18.1563621601778
TomLiberatore11898,Western Bulldogs,MID,75,21,36,5.417956656,75.125,62.4,35.96908420978304,64.55594363695664,-27.4440563630434
TomPhillips12452,Collingwood,MID,88,23,68,5.761523046,91.43333333,89.5,48.68972706296924,87.38646938141783,-4.61353061858217
TomRockliff11787,Port Adelaide,MID,99,28,50,7.456724368,98.81818182,92,52.85324318437867,94.85898968517812,2.85898968517812
TomScully11802,Hawthorn,MID,63,18,64,4.780876494,69.21428571,62.91666667,35.374587202573316,63.48896303033525,-28.5110369696648
ToukMiller12331,Gold Coast,MID,89,22,55,6.472491909,88.875,88.54545455,47.92921750891262,86.02153577285814,-5.97846422714186
TravisBoak11583,Port Adelaide,MID,104,29,64,7.723035952,103.9642857,100.5454545,57.44638488564764,103.10258563147211,11.1025856314721
TrentCotchin11666,Richmond,MID,71,21,45,5.72519084,82.93333333,67.625,40.48973161446576,72.66942957830506,-19.3305704216949
TrentDumont12343,North Melbourne,MID,81,22,64,5.979885839,81.96666667,80.09090909,44.24873492235425,79.41594567696018,-12.5840543230398
WillBrodie12541,Gold Coast,MID,91,22,27,6.472491909,91.08333333,91.16666667,46.828357858588376,84.04575476258704,-7.95424523741296
WillemDrew12695,Port Adelaide,MID,80,19,18,5.059920107,79.75,77.33333333,37.87530341378783,67.97715332847133,-24.0228466715287
WillHayes12716,Western Bulldogs,MID,82,18,14,4.643962848,82.16666667,82.33333333,38.43360255612081,68.97916738462031,-23.0208326153797
WillSetterfield12567,Carlton,MID,70,17,64,4.899135447,70.10714286,70.83333333,37.19187253309685,66.75055758985525,-25.2494424101448
WilPowell12652,Gold Coast,MID,55,12,36,3.530450132,55.0625,44.8,23.601270013158345,42.35866133938569,-49.6413386606143
XavierDuursma12696,Port Adelaide,MID,84,20,59,5.326231691,84.03846154,82.6,43.79288721994464,78.59780756668304,-13.402192433317
ZachMerrett12241,Essendon,MID,103,27,68,7.075471698,108.0357143,106.0833333,58.84162922023002,105.60671707106503,13.606717071065
AaronNaughton12594,Western Bulldogs,FWD,64,11,68,2.837977296,64.1,66.08333333,31.33199429316207,56.23347110607513,4.23347110607513
AlexNeal-Bullen12367,Melbourne,FWD,64,14,45,3.625064733,72.56666667,63.88888889,33.08009980302807,59.37090435592332,7.37090435592332
AlexSexton12080,Gold Coast,FWD,59,11,68,3.236245955,61.1,59.5,29.97883081634766,53.80486478873497,1.80486478873497
AllenChristensen11920,Brisbane Lions,FWD,63,12,41,3.212851406,67.53333333,62.66666667,30.30566541346451,54.39145508686506,2.39145508686506
AndrewBrayshaw12589,Fremantle,FWD,74,17,68,4.681905811,74.16666667,76.33333333,39.31408244891969,70.55941919201936,18.5594191920194
AnthonyMcDonald-Tipungwuti12407,Essendon,FWD,58,11,68,2.882599581,63.7,60.25,30.29771655358352,54.37718877562225,2.37718877562225
BaileyBanfield12588,Fremantle,FWD,57,14,27,3.855687139,61.19230769,52.2,26.577678120736635,47.700605351992614,-4.29939464800739
BaileyDale12354,Western Bulldogs,FWD,69,13,41,3.353973168,69.23076923,73,32.81822656990874,58.90090424197321,6.90090424197321
BaileyScott12701,North Melbourne,FWD,64,15,9,4.07719489,63.75,30,22.55299416635296,40.47725573874086,-11.5227442612591
BaileySmith12692,Western Bulldogs,FWD,66,17,68,4.385964912,80.5,67.58333333,39.26796130445638,70.4766427169476,18.4766427169476
BayleyFritsch12598,Melbourne,FWD,81,17,68,4.401864319,81.06666667,84.25,42.29188151822466,75.90385964980419,23.9038596498042
BenAinsworth12498,Gold Coast,FWD,59,15,27,4.413062665,66.5,71.5,32.42929809745229,58.202870219192135,6.20287021919214
BenBrown12289,North Melbourne,FWD,77,12,68,3.261755912,77.13333333,77.41666667,37.97530216043066,68.15662727377364,16.1566272737736
BenKing12728,Gold Coast,FWD,41,7,59,2.059429244,41.23076923,43.27272727,18.405713951546577,33.03387502233976,-18.9661249776602
BenLong12521,St Kilda,FWD,58,10,50,2.572678158,58.04545455,56,25.883989751046773,46.45559986244137,-5.54440013755863
BenReid11589,Collingwood,FWD,45,9,18,2.254509018,54.65,41,19.217250603223803,34.49039012401561,-17.5096098759844
BenRonke12616,Sydney,FWD,55,11,41,2.959375841,57.19230769,54.66666667,25.344469428759112,45.48728931793432,-6.51271068206568
BillyGowers12593,Western Bulldogs,FWD,54,10,14,2.57997936,58.26923077,53,22.59987891791232,40.56140270677169,-11.4385972932283
BradEbert11639,Port Adelaide,FWD,79,16,27,4.260985353,90,73.4,39.69923127827791,71.25066965519146,19.2506696551915
BrandanParfitt12506,Geelong,FWD,74,19,50,4.998684557,74.13636364,70.125,37.36724444306007,67.06530842057037,15.0653084205704
BrandonMatera11915,Fremantle,FWD,60,12,59,3.30487469,69.375,60,32.00511486954129,57.44156230284221,5.44156230284221
BraydenHam12713,Essendon,FWD,52,12,9,3.144654088,52.25,52.5,21.239094671282725,38.11911892175428,-13.8808810782457
BraydonPreuss12500,Melbourne,FWD,50,8,23,2.071465562,56.33333333,50,21.34128508709371,38.30252639148176,-13.6974736085182
BrennanCox12544,Fremantle,FWD,52,10,23,2.754062242,55.88461538,56.33333333,23.445411851526288,42.07893304163431,-9.92106695836569
BrentDaniels12656,Greater Western Sydney,FWD,65,15,68,3.969304049,64.8,63.25,33.00445147234981,59.235133610607335,7.23513361060733
BrettBewley12731,Fremantle,FWD,55,14,32,3.855687139,72,56.2,30.96723420759529,55.57881358442336,3.57881358442336
BrodyMihocek12639,Collingwood,FWD,74,14,68,3.507014028,78,77,38.590632128043815,69.26099808498715,17.2609980849872
CallumColeman-Jones12730,Richmond,FWD,66,13,5,3.544165758,66,64,27.771445339658335,49.84313333104512,-2.15686666895488
CameronPolson12523,Carlton,FWD,49,14,5,4.034582133,49,49,20.856077553619656,37.43169437361631,-14.5683056263837
CameronSutcliffe12104,Port Adelaide,FWD,50,11,23,2.92942743,55.55,50.2,22.604302194271753,40.5693414348662,-11.4306585651338
CameronZurhaar12557,North Melbourne,FWD,63,12,59,3.261755912,63.23076923,60.27272727,30.092724426790472,54.00927670685536,2.00927670685536
CamMcCarthy12315,Fremantle,FWD,60,12,36,3.30487469,59.8125,52.57142857,25.988244485023905,46.642712291861606,-5.35728770813839
CamRayner12592,Brisbane Lions,FWD,49,10,68,2.677376171,48.76666667,46.16666667,22.98013276592594,41.24386784369131,-10.7561321563087
CedricCox12522,Brisbane Lions,FWD,44,9,5,2.409638554,47.33333333,44,16.7149339759797,29.999327460088978,-22.000672539911
ChadWingard12047,Hawthorn,FWD,86,21,41,5.577689243,93,92.28571429,47.18441260715517,84.68478827664845,32.6847882766484
CharlieCameron12277,Brisbane Lions,FWD,67,12,68,3.212851406,67.13333333,68.66666667,33.34205464505253,59.84105093843095,7.84105093843095
CharlieCurnow12421,Carlton,FWD,61,11,32,3.170028818,67.5,56,28.37866653395627,50.93295082446913,-1.06704917553087
CharlieDixon11914,Port Adelaide,FWD,56,11,41,2.92942743,67.5625,56.44444444,28.775323071309685,51.644854884057416,-0.355145115942584
CharlieSpargo12622,Melbourne,FWD,52,12,27,3.107198343,55.22727273,54,23.770847456821055,42.66301248247684,-9.33698751752316
ChayceJones12691,Adelaide,FWD,55,13,23,3.394255875,55.1,60.66666667,25.0351351846514,44.93210798745811,-7.06789201254189
ChristianPetracca12430,Melbourne,FWD,79,20,68,5.178663905,84.5,79.83333333,43.927414566898385,78.83925212993421,26.8392521299342
ConnorRozee12697,Port Adelaide,FWD,69,15,68,3.994673768,77,71.83333333,38.244008993389485,68.63889207268217,16.6388920726822
ConorNash12670,Hawthorn,FWD,43,9,50,2.390438247,51.66666667,42.4,21.3117265281555,38.24947581466764,-13.7505241853324
CoreyWagner12453,Melbourne,FWD,56,12,36,3.107198343,56.0625,56.33333333,25.13653898384892,45.114103667620235,-6.88589633237977
DanielLloyd12532,Greater Western Sydney,FWD,55,14,32,3.704683779,63,53.16666667,27.434113488502277,49.23770296080907,-2.76229703919093
DanielMcStay12291,Brisbane Lions,FWD,49,10,68,2.677376171,50.64285714,49.16666667,24.063767052622666,43.18873342678672,-8.81126657321328
DanielRioli12403,Richmond,FWD,58,13,64,3.544165758,63.5,57.41666667,30.572082099570068,54.86960961734647,2.86960961734647
DanielVenables12602,West Coast,FWD,49,11,9,3.089019938,49,56,20.739679388266005,37.222787375645765,-14.7772126243542
DarcyFogarty12584,Adelaide,FWD,59,10,18,2.610966057,59.125,59.25,24.291490421513707,43.59744266389733,-8.40255733610267
DarcyFort12724,Geelong,FWD,44,7,9,1.841620626,44,46,15.375800429003148,27.595901526952115,-24.4040984730479
DarcyLang12286,Carlton,FWD,46,8,36,2.305475504,53.66666667,47.14285714,21.471903669031104,38.53695565201868,-13.4630443479813
DarcyMacPherson12438,Gold Coast,FWD,87,19,68,5.589879376,93,85.41666667,48.18472402584057,86.48010914685551,34.4801091468555
DarcyParish12406,Essendon,FWD,80,21,59,5.503144654,80.16666667,75.81818182,41.75956893010647,74.94848527231436,22.9484852723144
DarcyTucker12426,Fremantle,FWD,76,19,68,5.232718259,79,76.16666667,41.711846406768814,74.8628347033749,22.8628347033749
DavidCuningham12476,Carlton,FWD,61,15,27,4.322766571,63.07142857,51.33333333,27.80727228502886,49.90743416930207,-2.09256583069793
DeanKent12184,St Kilda,FWD,56,12,27,3.08721379,66,60.33333333,28.11382631208609,50.45762567200944,-1.54237432799056
DevonSmith12029,Essendon,FWD,90,21,9,5.503144654,101.1333333,86,45.9473218114117,82.46450479047361,30.4645047904736
DustinMartin11794,Richmond,FWD,100,29,64,7.906215921,107.9333333,100.0909091,58.900628774155884,105.71260722538838,53.7126072253884
DylanMoore12710,Hawthorn,FWD,46,11,14,2.921646746,46.16666667,46.33333333,18.343462686666687,32.92214882093087,-19.0778511790691
EdRichards12605,Western Bulldogs,FWD,50,12,55,3.095975232,50.53571429,52.2,24.229850088117665,43.48681293906837,-8.51318706093163
ElliottHimmelberg12675,Adelaide,FWD,52,8,9,2.088772846,58.5,52,21.263181618507794,38.16234925807252,-13.8376507419275
EricHipwood12454,Brisbane Lions,FWD,55,10,64,2.677376171,67.5,60.45454545,30.82905907043064,55.33082210610811,3.33082210610811
EsavaRatugolea12597,Geelong,FWD,56,9,50,2.367797948,56,58.11111111,25.26321483751048,45.341456669477175,-6.65854333052282
GaryAblett1105,Geelong,FWD,87,21,64,5.524861878,99.6875,88.16666667,50.27306153909203,90.22817784980393,38.2281778498039
GaryRohan11842,Geelong,FWD,41,8,50,2.104709287,54.09090909,40.75,21.286528282531844,38.20425096227097,-13.795749037729
GryanMiers12689,Geelong,FWD,61,14,68,3.683241252,61.06666667,65.08333333,31.679833375914164,56.85775945575648,4.85775945575648
HarrisonHimmelberg12462,Greater Western Sydney,FWD,63,12,64,3.175443239,63.93333333,60.36363636,30.57263024340867,54.87059340504992,2.8705934050499202
HarryMcKay12566,Carlton,FWD,62,10,59,2.88184438,62.75,60.8,29.38388091749409,52.737071349424724,0.737071349424724
HarryMorrison12579,Hawthorn,FWD,48,11,18,2.921646746,61.5,42.5,22.71514048822054,40.76826978720463,-11.2317302127954
HarryPetty12653,Melbourne,FWD,50,9,41,2.330398757,50.11111111,53.875,21.96098975231344,39.414748743492694,-12.5852512565073
HughDixon12760,Fremantle,FWD,35,8,18,2.203249793,35,35,12.085620226937763,21.69081129887803,-30.309188701122
IsaacHeeney12326,Sydney,FWD,89,20,68,5.380683347,95,91.83333333,49.52673457709128,88.8886986177873,36.8886986177873
JackDarling11905,West Coast,FWD,80,13,68,3.650659927,80.13333333,78.16666667,39.68865137153877,71.23168124116478,19.2316812411648
JackGunston11845,Hawthorn,FWD,79,16,59,4.249667995,83.53333333,73.5,40.25282771727741,72.24424347834574,20.2442434783457
JackHiggins12609,Richmond,FWD,58,14,27,3.816793893,59.92307692,50,25.7491129615656,46.213528133039034,-5.78647186696097
JackLonie12324,St Kilda,FWD,68,14,41,3.601749421,68.55555556,65,31.680496245131295,56.858949148203756,4.85894914820376
JackLukosius12704,Gold Coast,FWD,57,12,68,3.530450132,56.83333333,59.58333333,29.188034400619838,52.385573473329515,0.385573473329515
JackPetruccelle12623,West Coast,FWD,47,10,55,2.808199944,46.91666667,48.66666667,22.028393382969686,39.53572221493813,-12.4642777850619
JackRiewoldt11576,Richmond,FWD,56,11,41,2.998909487,69.93333333,59.375,30.117928094298925,54.054511290244555,2.05451129024456
JackSilvagni12458,Carlton,FWD,65,14,55,4.034582133,65.08333333,69,33.14530760394177,59.48793683570299,7.48793683570299
JackSinclair12325,St Kilda,FWD,64,17,68,4.373552869,70.88461538,62.58333333,35.45033918387968,63.62491980385441,11.6249198038544
JackZiebell11724,North Melbourne,FWD,89,20,68,5.436259853,91.625,94.25,48.9959596941782,87.93608405508654,35.9360840550865
JacobHeron12634,Gold Coast,FWD,45,11,23,3.236245955,45.2,45.4,19.141957664622396,34.355257222875714,-17.6447427771243
JadeGresham12415,St Kilda,FWD,90,23,55,5.917159763,89.91666667,91.44444444,47.78863872665606,85.76923032379591,33.7692303237959
JaidynStephenson12587,Collingwood,FWD,82,15,23,3.75751503,82.1,100,40.60145866027762,72.86995302866838,20.8699530286684
JakeMelksham11820,Melbourne,FWD,69,14,27,3.625064733,71.8,66.6,31.87554062310967,57.2090073759318,5.2090073759318
JakeStringer12167,Essendon,FWD,60,12,50,3.144654088,66.5,63,30.64263365108215,54.99623285735865,2.99623285735865
JakeWaterman12601,West Coast,FWD,61,12,45,3.369839933,61.05,60.28571429,28.499980552440412,51.15068060857926,-0.849319391420742
JamesBell12753,Sydney,FWD,37,7,9,1.883239171,37,37,11.775493924298795,21.134208411889496,-30.8657915881105
JamesRowbottom12714,Sydney,FWD,70,15,41,4.03551251,70.22222222,70.44444444,33.85678454969312,60.76486858467496,8.76486858467496
JamieCripps11937,West Coast,FWD,63,12,45,3.369839933,72.7,57.875,31.665292894459885,56.831662752939636,4.83166275293964
JamieElliott12083,Collingwood,FWD,69,11,41,2.755511022,73.5,67.375,32.150105018011885,57.7017851041232,5.7017851041232
JarrodBrander12646,West Coast,FWD,48,8,5,2.246559955,54.5,41,18.125877962362424,32.53163603732688,-19.4683639626731
JarrodCameron12736,West Coast,FWD,51,8,32,2.246559955,50.78571429,50.57142857,20.75051482306552,37.24223440171181,-14.7577655982882
JasonCastagna12431,Richmond,FWD,73,16,64,4.362050164,72.85714286,73.58333333,37.58133903105781,67.44955724033878,15.4495572403388
JaydenHunt4729,Melbourne,FWD,50,11,64,2.848265148,60.5,49.72727273,27.15760220865998,48.74143103761045,-3.25856896238955
JaydenLaverde12377,Essendon,FWD,59,12,41,3.144654088,63,55.42857143,27.572340967341347,49.485788379969854,-2.51421162003015
JayLockhart12706,Melbourne,FWD,47,11,32,2.848265148,47,47.66666667,20.127806585127274,36.12462135167824,-15.8753786483218
JeremyCameron12017,Greater Western Sydney,FWD,83,15,59,3.969304049,83.45454545,81.5,41.10345636742213,73.77091941133453,21.7709194113345
JeremyFinlayson12553,Greater Western Sydney,FWD,68,13,55,3.440063509,67.75,62,31.75946965224891,57.00068761418662,5.00068761418662
JesseHogan12321,Fremantle,FWD,55,14,23,3.855687139,71.80769231,61,31.00694358453967,55.650082463134005,3.65008246313401
JonathonCeglar12210,Hawthorn,FWD,75,13,50,3.452855246,74.81818182,79.125,36.453200564297816,65.42481724834775,13.4248172483478
JordanDawson12516,Sydney,FWD,79,19,59,5.111649179,79.03846154,84.4,42.196499430444355,75.7326715081543,23.7326715081543
JordanGallucci12534,Adelaide,FWD,57,12,27,3.133159269,56.90909091,54.25,24.373548791494727,43.74471790383782,-8.25528209616218
JoshBegley12574,Essendon,FWD,51,12,32,3.144654088,54.25,51.6,23.525553707909797,42.222768595897534,-9.77723140410247
JoshCaddy12010,Richmond,FWD,69,17,41,4.634678299,73.06666667,65.42857143,34.90595517949707,62.64788010779716,10.6478801077972
JoshCorbett12719,Gold Coast,FWD,34,7,23,2.059429244,34,29.33333333,10.969601911985867,19.687824094153743,-32.3121759058463
JoshSchache12416,Western Bulldogs,FWD,61,11,50,2.837977296,60.95454545,63.2,28.45020382510542,51.06134323247236,-0.93865676752764
JoshSchoenfeld12466,Gold Coast,FWD,31,10,5,2.942041777,43.66666667,59,19.04261388178222,34.176958781683595,-17.8230412183164
JoshThomas12144,Collingwood,FWD,59,15,59,3.75751503,64.03333333,62.9,31.632981270812913,56.773671080346396,4.7736710803464
JustinWesthoff11579,Port Adelaide,FWD,82,18,59,4.793608522,93.26666667,78.4,45.00004066433624,80.7643606338336,28.7643606338336
JySimpkin12502,North Melbourne,FWD,64,18,68,4.892633868,76.5,65,38.47119391351886,69.04663492244451,17.0466349224445
KadeChandler12756,Melbourne,FWD,60,7,5,1.812532367,60,60,22.287702962953695,40.00112118179361,-11.9988788182064
KaneFarrell12664,Port Adelaide,FWD,39,7,23,1.864181092,44.2,40.66666667,15.683583617506828,28.14829908185128,-23.8517009181487
KaneLambert12333,Richmond,FWD,83,21,50,5.72519084,85.67857143,79.9,43.80769481439438,78.6243836737399,26.6243836737399
KayneTurner12304,North Melbourne,FWD,55,12,64,3.261755912,56.125,55.09090909,27.432211555156528,49.23428944321286,-2.76571055678714
KyleDunkley12742,Melbourne,FWD,49,10,23,2.589331952,49,49,19.809372819539178,35.55310854630584,-16.4468914536942
KyleLangford12349,Essendon,FWD,70,17,68,4.454926625,76,66.75,37.86456048987987,67.9578723374332,15.9578723374332
LachieSchultz12700,Fremantle,FWD,49,12,27,3.30487469,49,42.2,20.200612286664725,36.25529025438059,-15.7447097456194
LachieWhitfield12143,Greater Western Sydney,FWD,109,28,50,7.409367558,109,112,59.282830662348545,106.39856863069414,54.3985686306941
LachlanKeeffe11991,Greater Western Sydney,FWD,44,8,41,2.116962159,43.88888889,39.57142857,17.264157083471897,30.98505219426881,-21.0149478057312
LachlanMurphy12585,Adelaide,FWD,50,10,64,2.610966057,57,53.63636364,26.3396512549182,47.27340379066743,-4.72659620933257
LanceFranklin4065,Sydney,FWD,68,11,32,2.959375841,83.03333333,83.25,37.39809252891005,67.1206733912164,15.1206733912164
LeviCasboult12114,Carlton,FWD,71,12,59,3.458213256,76.5,72.27272727,36.53197553786025,65.5661995733366,13.5661995733366
LiamBaker12661,Richmond,FWD,66,17,45,4.634678299,66.05,57.375,31.707014961825106,56.90654393183031,4.90654393183031
LiamRyan12600,West Coast,FWD,55,12,68,3.369839933,73,55.83333333,33.236913271069,59.65234720126584,7.65234720126584
LincolnMcCarthy12090,Brisbane Lions,FWD,64,13,68,3.480589023,63.93333333,65.41666667,32.26855434580915,57.914373450396305,5.9143734503963
LukeBreust11954,Hawthorn,FWD,64,14,68,3.718459495,73.36666667,65.5,35.58372933331477,63.86432336827197,11.864323368272
LukeDahlhaus11974,Geelong,FWD,78,18,64,4.735595896,80.76666667,75.27272727,40.933479998509206,73.46585229238427,21.4658522923843
LukeDavies-Uniacke12590,North Melbourne,FWD,54,15,45,4.07719489,54,53,26.314893465880317,47.22896945299056,-4.77103054700944
MabiorChol12485,Richmond,FWD,55,8,41,2.181025082,54.88888889,54.77777778,23.32363905953045,41.86037986828273,-10.1396201317173
MasonCox12428,Collingwood,FWD,50,9,45,2.254509018,59.33333333,50,24.321060274882775,43.650513511526185,-8.34948648847381
MasonWood12312,North Melbourne,FWD,60,12,55,3.261755912,62.3,56.11111111,28.784891187315456,51.66202737457672,-0.337972625423284
MattBuntine12082,Greater Western Sydney,FWD,59,12,14,3.175443239,59,59,24.860122144338455,44.61800124233553,-7.38199875766447
MatthewKennedy12455,Carlton,FWD,49,11,45,3.170028818,57.625,49.875,25.343868497106506,45.48621078867099,-6.51378921132901
MatthewParker12702,St Kilda,FWD,60,12,45,3.08721379,59.8,55.71428571,26.858220320351897,48.204111816614386,-3.79588818338561
MatthewTaberner12205,Fremantle,FWD,92,18,9,4.957312035,91.75,92,43.15038410552372,77.44466742557695,25.444667425577
MichaelGibbons12685,Carlton,FWD,66,16,64,4.610951009,65.78571429,67.81818182,34.86202624458121,62.569038127002756,10.5690381270028
MichaelWalters11763,Fremantle,FWD,94,22,68,6.058936932,94.13333333,93.41666667,50.69070122250298,90.97774166148142,38.9777416614814
MitchCrowden12604,Fremantle,FWD,56,12,23,3.30487469,56.1,56.2,24.432272855179715,43.850113618759856,-8.14988638124014
MitchHannan12492,Melbourne,FWD,43,10,27,2.589331952,50.10714286,44.2,19.653462331045475,35.27328633429433,-16.7267136657057
MitchLewis12636,Hawthorn,FWD,71,13,32,3.452855246,71,73.16666667,32.844233406901566,58.94758032339059,6.94758032339059
MitchMcGovern12404,Carlton,FWD,47,9,45,2.593659942,58.27272727,48.5,24.322526014426074,43.65314416508389,-8.34685583491611
MitchWallis11934,Western Bulldogs,FWD,82,23,14,5.933952528,82.16666667,99,43.46582967888526,78.01081713724841,26.0108171372484
NickBlakey12699,Sydney,FWD,51,11,68,2.959375841,51.06666667,54.33333333,25.551838278577385,45.85946703874735,-6.14053296125265
NickHind12734,St Kilda,FWD,48,11,50,2.829945974,48.13636364,48.27272727,21.976230259456322,39.44210182577792,-12.5578981742221
NickHolman12307,Gold Coast,FWD,64,13,23,3.82465431,64.76666667,53.66666667,27.551909233046967,49.44911828073072,-2.55088171926928
NickLarkey12563,North Melbourne,FWD,52,8,59,2.174503941,52.07692308,51.72727273,23.361805673243214,41.92887985425081,-10.0711201457492
NoahBalta12686,Richmond,FWD,44,9,27,2.453653217,43.83333333,33.33333333,15.656096152707475,28.09896562598789,-23.9010343740121
OliverHanrahan12738,Hawthorn,FWD,52,13,41,3.452855246,58,51.66666667,25.9292929402493,46.53690830253608,-5.46309169746392
OrazioFantasia12302,Essendon,FWD,44,10,45,2.620545073,62.05555556,44.44444444,24.842051681653214,44.58556906352891,-7.41443093647109
OscarAllen12655,West Coast,FWD,60,11,64,3.089019938,59.92857143,58.81818182,28.934402122621258,51.93036391204366,-0.06963608795634
OscarMcInerney12617,Brisbane Lions,FWD,59,9,55,2.409638554,59.16666667,63.8,27.666608665266406,49.65497645711252,-2.34502354288748
PaddyDow12582,Carlton,FWD,51,13,55,3.746397695,53.61538462,46.66666667,25.351319821772243,45.499584142641766,-6.50041585735823
PatrickLipinski12578,Western Bulldogs,FWD,85,22,59,5.675954592,85.23076923,86.54545455,45.425844445736416,81.52857705792027,29.5285770579203
PaulPuopolo11942,Hawthorn,FWD,54,12,68,3.187250996,60.25,53.91666667,28.688521238884697,51.489066258221676,-0.510933741778324
PeterLadhams12729,Port Adelaide,FWD,66,15,23,3.994673768,65.8,69.25,30.799453493047206,55.27768714237765,3.27768714237765
PeterWright12366,Gold Coast,FWD,66,12,45,3.530450132,66.96875,64.71428571,31.340700311375002,56.24909633628056,4.24909633628056
RhyleeWest12748,Western Bulldogs,FWD,54,14,9,3.611971104,53.75,53.5,22.668961900567826,40.68539021528236,-11.3146097847176
RhysMathieson12443,Brisbane Lions,FWD,65,16,23,4.283801874,68.46153846,64.66666667,31.334777344102566,56.23846602000192,4.23846602000192
RileyKnight12375,Adelaide,FWD,73,17,41,4.438642298,73.33333333,72.71428571,35.88599978982676,64.40682688156403,12.406826881564
RoarkeSmith12390,Western Bulldogs,FWD,52,12,23,3.095975232,52,52,22.10546056163285,39.674039454627135,-12.3259605453729
RobbieFox12510,Sydney,FWD,52,12,36,3.228410008,52,53,23.53339919651424,42.236849380306694,-9.76315061969331
RobbieGray11578,Port Adelaide,FWD,86,23,68,6.125166445,86.23333333,83,46.616528694641964,83.66557183970158,31.6655718397016
SamDay11947,Gold Coast,FWD,64,12,45,3.530450132,63.9,63.8,30.24451163623701,54.28169861453286,2.28169861453286
SamLloyd12263,Western Bulldogs,FWD,79,16,68,4.127966976,79.03333333,76.91666667,39.95699568843901,71.71329541004589,19.7132954100459
SamPowell-Pepper12494,Port Adelaide,FWD,74,18,55,4.793608522,75,76.22222222,38.71045397452983,69.47604977557546,17.4760497755755
SamReid11880,Sydney,FWD,71,12,68,3.228410008,71.16666667,66.58333333,34.25306248524796,61.476093144161794,9.47609314416179
SamSwitkowski12672,Fremantle,FWD,60,12,55,3.30487469,61.75,60.9,29.501132218151334,52.94750952217448,0.947509522174478
SamWeideman12475,Melbourne,FWD,54,10,32,2.589331952,58.33333333,49.6,23.48826736539737,42.15584848718357,-9.84415151281643
SeanLemmens12234,Gold Coast,FWD,53,11,32,3.236245955,53.07142857,53.14285714,23.582214542330377,42.32446130544623,-9.67553869455377
ShaiBolton12535,Richmond,FWD,65,15,50,4.089422028,74,68.11111111,35.42702736406366,63.58308063671464,11.5830806367146
ShaunMcKernan11774,Essendon,FWD,67,13,64,3.406708595,67.25,73.45454545,34.203332530545175,61.38683971379538,9.38683971379538
StephenHill11716,Fremantle,FWD,38,12,14,3.30487469,57.10714286,37.66666667,20.887900556676655,37.488809088567756,-14.5111909114322
StevenMotlop11818,Port Adelaide,FWD,71,18,45,4.793608522,71.03571429,71.28571429,35.86465883016135,64.368524939227,12.368524939227
TarrynThomas12707,North Melbourne,FWD,54,11,64,2.989942919,54.5,55.16666667,26.48104310947208,47.5271685109497,-4.4728314890503
TaylorGarner12220,North Melbourne,FWD,61,14,27,3.805381897,64.53846154,60.83333333,28.980192204847164,52.01254620920938,0.0125462092093827
TaylorWalker11713,Adelaide,FWD,63,12,68,3.133159269,70.42307692,66.41666667,33.83360313018035,60.72326345503743,8.72326345503743
TimMembrey12300,St Kilda,FWD,71,13,68,3.344481605,71.8,70.66666667,35.33773400738517,63.4228203179567,11.4228203179567
TobyGreene12025,Greater Western Sydney,FWD,101,24,55,6.350886478,101.2083333,113.6666667,55.759003029619535,100.07413688486359,48.0741368848636
TobyMcLean12363,Western Bulldogs,FWD,64,16,50,4.127966976,76.84615385,63.125,35.52158934794919,63.75279688710093,11.7527968871009
ToddMarshall12575,Port Adelaide,FWD,56,10,27,2.663115846,59.5,57.6,24.930659960653088,44.744599830937986,-7.25540016906201
TomAtkins12690,Geelong,FWD,56,12,64,3.157063931,55.75,53.63636364,26.89151605659548,48.26386973704838,-3.73613026295162
TomCampbell12097,North Melbourne,FWD,40,8,5,2.174503941,64.625,40,20.938924126075737,37.5803842493662,-14.4196157506338
TomHawkins11548,Geelong,FWD,68,13,68,3.420152591,79.1,64.16666667,36.60568187715296,65.69848490641085,13.6984849064109
TomLynch11865,Adelaide,FWD,84,19,41,4.960835509,88.19230769,80.14285714,42.596517666851874,76.45060901728485,24.4506090172848
TomMcCartin12627,Sydney,FWD,48,10,55,2.690341673,50.5,48.1,22.82974241933288,40.97395297230953,-11.0260470276905
TomMcDonald12009,Melbourne,FWD,69,15,36,3.883997929,79.88461538,86,38.799059008721756,69.63507471932671,17.6350747193267
TomPapley12412,Sydney,FWD,76,15,68,4.03551251,79.20833333,76.83333333,39.838215823462164,71.50011382822055,19.5001138282205
TomSparrow12693,Melbourne,FWD,52,11,9,2.848265148,52,40,18.537634094321966,33.27064027474146,-18.7293597252585
ToryDickson12043,Western Bulldogs,FWD,60,12,55,3.095975232,59.95833333,60.27272727,28.487517283893528,51.12831200844609,-0.871687991553912
TravisColyer11821,Fremantle,FWD,62,16,18,4.406499587,63.07142857,59.33333333,28.591371186104134,51.31470504026429,-0.685294959735707
TravisVarcoe11549,Collingwood,FWD,52,12,55,3.006012024,51.79166667,52.5,24.511843379726955,43.99292376838378,-8.00707623161622
TysonStengle12552,Adelaide,FWD,58,8,18,2.088772846,58,58,22.840324574898613,40.99294542244461,-11.0070545775554
WillHayward12509,Sydney,FWD,57,12,41,3.228410008,58.36666667,57.83333333,26.701820739576497,47.923411800386724,-4.07658819961328
WillHoskin-Elliott12026,Collingwood,FWD,79,16,59,4.008016032,83.93333333,80.18181818,41.09336275024737,73.7528037713136,21.7528037713136
WillieRioli12606,West Coast,FWD,64,14,55,3.931479921,64.16666667,65.5,32.09473693221946,57.6024125706204,5.6024125706204
WillSnelling12484,Essendon,FWD,72,18,14,4.716981132,72,71.66666667,33.63341763741588,60.363978150122044,8.36397815012204
ZacFisher12520,Carlton,FWD,55,15,64,4.322766571,59.05,54.09090909,29.97726905596688,53.80206180063196,1.80206180063196
ZacLangdon12599,Greater Western Sydney,FWD,42,8,9,2.116962159,47.46666667,42,16.233284178251775,29.134880730961005,-22.865119269039
ZakButters12698,Port Adelaide,FWD,57,14,59,3.728362184,57.23076923,54.4,28.05671390769524,50.355122501861345,-1.64487749813865
AaronFrancis12467,Essendon,DEF,52,13,55,3.406708595,58.5,55.55555556,27.77341158631951,49.84666227573259,-2.15333772426741
AdamCerra12603,Fremantle,DEF,58,14,59,3.855687139,59.89285714,59.9,30.022919923779213,53.883994241065615,1.88399424106561
AdamKennedy12031,Greater Western Sydney,DEF,64,17,55,4.498544589,67.28571429,65.22222222,33.97566240911059,60.97822604319343,8.97822604319343
AdamSaad12330,Essendon,DEF,69,18,64,4.716981132,84.5,67.90909091,40.799599640909356,73.22556892100611,21.2255689210061
AidanCorr12181,Greater Western Sydney,DEF,41,12,9,3.175443239,46.65384615,41,17.627438564142526,31.63705597211714,-20.3629440278829
AlexPearce12352,Fremantle,DEF,40,11,18,3.029468466,40.25,24,13.248021172954676,23.77704428487669,-28.2229557151233
AlexWitherden12546,Brisbane Lions,DEF,68,17,64,4.551539491,78.22222222,69.45454545,38.85230606558328,69.73064051081415,17.7306405108142
AliirAliir12433,Sydney,DEF,68,16,68,4.304546677,70.6,68.16666667,36.19050697619659,64.95334479249243,12.9533447924924
BacharHouli11566,Richmond,DEF,104,29,64,7.906215921,104.0357143,97.63636364,57.289309064875034,102.82067192542988,50.8206719254299
BaileyWilliams12441,Western Bulldogs,DEF,65,16,36,4.127966976,71.5,70.4,34.0027344066942,61.026813834307454,9.02681383430745
BayleyFritsch12598,Melbourne,DEF,81,17,68,4.401864319,81.06666667,84.25,42.29188151822466,75.90385964980419,23.9038596498042
BenMcKay12580,North Melbourne,DEF,40,8,9,2.174503941,39.75,32,12.271041045064624,22.023597527582194,-29.9764024724178
BenPaton12671,St Kilda,DEF,58,13,32,3.344481605,58.5,57.57142857,26.182871026864873,46.99202060318981,-5.00797939681019
BenStratton11824,Hawthorn,DEF,35,9,59,2.390438247,44,33.5,18.166863978512918,32.60519617950573,-19.3948038204943
BlakeHardwick12469,Hawthorn,DEF,69,17,68,4.515272244,69.16666667,71.41666667,36.66220201261615,65.79992509482472,13.7999250948247
BradSheppard11843,West Coast,DEF,81,19,68,5.335579893,80.9,79.91666667,43.10598401318656,77.36497982937138,25.3649798293714
BrandonStarcevich12668,Brisbane Lions,DEF,31,7,5,1.87416332,32.5,31,9.04588984744082,16.235218882183222,-35.7647811178168
BrandonZerk-Thatcher12757,Essendon,DEF,56,11,5,2.882599581,56,56,22.215922735108762,39.87229276025306,-12.1277072397469
BraydenMaynard12371,Collingwood,DEF,75,19,68,4.759519038,76.46428571,78,40.43408805556116,72.56956263614288,20.5695626361429
BrodieSmith11891,Adelaide,DEF,88,23,68,6.005221932,88.1,88.58333333,47.92935702693349,86.02178617449303,34.021786174493
CalebDaniel12373,Western Bulldogs,DEF,96,27,45,6.965944272,95.8,95.85714286,51.343329034094516,92.14905322380233,40.1490532238023
CalebGraham12754,Gold Coast,DEF,46,12,14,3.530450132,45.83333333,45.66666667,19.1709945376994,34.40737149775744,-17.5926285022426
CalebMarchbank12369,Carlton,DEF,55,13,27,3.746397695,59.16666667,56,26.41274937061725,47.404597507180014,-4.59540249281999
CaleHooker11702,Essendon,DEF,73,18,50,4.716981132,74.88461538,70.22222222,37.130763519064196,66.64088145680184,14.6408814568018
CallumMills12413,Sydney,DEF,76,18,68,4.842615012,75.76666667,76.66666667,40.136583523755434,72.03561282315971,20.0356128231597
CallumWilkie12703,St Kilda,DEF,61,14,68,3.601749421,61.13333333,62.91666667,31.193739952154043,55.98533747571567,3.98533747571567
ChangkuothJiath12752,Hawthorn,DEF,54,14,9,3.718459495,53.75,53.5,22.851344286196777,41.01272318095831,-10.9872768190417
CharlieBallard12625,Gold Coast,DEF,56,13,64,3.82465431,55.92857143,58,28.828750281277063,51.740744007484025,-0.259255992515975
ChrisBurgess12705,Gold Coast,DEF,37,9,50,2.647837599,37,42.75,17.312876380818835,31.07249173527068,-20.9275082647293
ChristianSalem12272,Melbourne,DEF,90,24,59,6.214396686,90,86.5,47.803288295936795,85.79552281329265,33.7955228132926
ConnorBlakely12397,Fremantle,DEF,75,20,59,5.508124484,82.83333333,74.63636364,42.38592697433249,76.07264885579008,24.0726488557901
ConnorIdun12750,Greater Western Sydney,DEF,33,8,5,2.116962159,33,33,9.953848835057112,17.864789123320563,-34.1352108766794
ConorGlass12561,Hawthorn,DEF,52,14,27,3.718459495,52.75,58,24.73534085493599,44.394048532318486,-7.60595146768151
ConorMcKenna12391,Essendon,DEF,73,21,64,5.503144654,72.96428571,76.18181818,40.00866479981033,71.80602916501182,19.8060291650118
CoreyEllis12346,Gold Coast,DEF,62,18,18,5.295675199,62,62,30.237259268565907,54.2686823410053,2.2686823410053
DaneRampe12140,Sydney,DEF,86,21,64,5.649717514,86.10714286,84.54545455,45.70781611025528,82.03464907175675,30.0346490717567
DanHouston12495,Port Adelaide,DEF,83,22,64,5.85885486,83.17857143,83.72727273,45.02909327549384,80.81650315482352,28.8165031548235
DanielHowe12360,Hawthorn,DEF,63,15,36,3.984063745,72.55555556,63.375,32.890224087044054,59.0301226460638,7.0301226460638
DanielMcKenzie12350,St Kilda,DEF,39,10,41,2.572678158,47.11538462,35.28571429,18.308503662062726,32.859405693839456,-19.1405943061605
DanielRich11725,Brisbane Lions,DEF,88,22,68,5.890227577,87.76666667,86.91666667,47.34787049175878,84.978156268003,32.978156268003
DanielTalia11989,Adelaide,DEF,59,12,68,3.133159269,58.9,58.33333333,28.92982733091523,51.92215324997057,-0.0778467500294298
DarcyByrne-Jones12422,Port Adelaide,DEF,89,24,68,6.391478029,88.96666667,87.5,48.67325925646867,87.35691358894685,35.3569135889469
DarcyGardiner12267,Brisbane Lions,DEF,59,13,68,3.480589023,59.73076923,57,29.553877322683533,53.04217442872164,1.04217442872164
DarcyMoore12372,Collingwood,DEF,51,13,41,3.256513026,58.21428571,50.71428571,25.49744336755681,45.76184112229361,-6.23815887770639
DarraghJoyce12654,St Kilda,DEF,49,16,9,4.116285053,49,58,22.837817458929877,40.98844574610521,-11.0115542538948
DavidAstbury11828,Richmond,DEF,51,13,59,3.544165758,58.2,51.3,27.513498299317632,49.38017979849382,-2.61982020150618
DavidMackay11634,Adelaide,DEF,65,17,50,4.438642298,66.88461538,65.22222222,33.35320604145684,59.86106504036226,7.86106504036226
DerekEggmolesse-Smith12741,Richmond,DEF,58,18,9,4.907306434,58,58,26.953333882422093,48.37481801853775,-3.62518198146225
DylanGrimes11879,Richmond,DEF,53,12,68,3.271537623,54.85714286,56.25,27.57382919428065,49.4884593930502,-2.5115406069498
EastonWood11788,Western Bulldogs,DEF,47,12,68,3.095975232,53.59090909,47.91666667,25.473296080738,45.718502490768586,-6.28149750923141
EthanHughes12395,Fremantle,DEF,59,17,64,4.681905811,62.90909091,62.18181818,33.146508847019874,59.490092781069634,7.49009278106963
FrancisWatson12746,West Coast,DEF,64,14,9,3.931479921,64,64,28.138760667218556,50.50237690379414,-1.49762309620586
GeorgeHorlin-Smith12053,Gold Coast,DEF,44,10,18,2.942041777,56.66666667,33,19.658420248864203,35.28218461653571,-16.7178153834643
GriffinLogue12511,Fremantle,DEF,50,12,45,3.30487469,50.05,50.1,23.289307713864726,41.7987632754651,-10.2012367245349
HamishHartlett11740,Port Adelaide,DEF,76,19,50,5.059920107,80.25,76.36363636,40.40412075620704,72.51577846758376,20.5157784675838
HarrisAndrews12340,Brisbane Lions,DEF,57,13,64,3.480589023,61.18181818,52.54545455,28.927049162742165,51.91716709944896,-0.0828329005510398
HarryCunningham12015,Sydney,DEF,70,18,18,4.842615012,73.4,66.33333333,33.69218175363711,60.46944574981203,8.46944574981203
HarryPetty12653,Melbourne,DEF,50,9,41,2.330398757,50.11111111,53.875,21.96098975231344,39.414748743492694,-12.5852512565073
HarryTaylor11643,Geelong,DEF,52,13,64,3.420152591,58.2,51.27272727,27.69330743856753,49.70289439948633,-2.29710560051367
HaydenCrozier12088,Western Bulldogs,DEF,69,16,64,4.127966976,74.03846154,72.5,37.35930682929738,67.05106229343275,15.0510622934328
HeathShaw4132,Greater Western Sydney,DEF,80,20,68,5.292405398,84.23076923,78.25,43.77146100108429,78.55935260438724,26.5593526043872
HunterClark12591,St Kilda,DEF,84,23,50,5.917159763,84.22727273,84.45454545,44.462707904409335,79.79997624301008,27.7999762430101
IsaacCumming12629,Greater Western Sydney,DEF,54,12,18,3.175443239,54,49,21.950121005120526,39.395241929610584,-12.6047580703894
IsaacQuaynor12740,Collingwood,DEF,61,14,18,3.507014028,60.875,60.75,26.617017096368688,47.771209448522484,-4.22879055147752
JackCrisp12061,Collingwood,DEF,101,27,68,6.763527054,100.9,105,55.93500680335535,100.39002176063394,48.3900217606339
JackHenry12607,Geelong,DEF,42,9,64,2.367797948,48.21428571,44.54545455,21.68842883502938,38.925566780693615,-13.0744332193064
JackHombsch12021,Gold Coast,DEF,37,8,50,2.353633422,40.4,37.5,16.962735909418164,30.444072940815765,-21.5559270591842
JackLukosius12704,Gold Coast,DEF,57,12,68,3.530450132,56.83333333,59.58333333,29.188034400619838,52.385573473329515,0.385573473329515
JackMadgen12665,Collingwood,DEF,44,11,18,2.755511022,45.625,50.33333333,18.88771501893268,33.89895219688365,-18.1010478031164
JackScrimshaw12565,Hawthorn,DEF,56,15,18,3.984063745,56,57.5,25.38820139623244,45.565777789057904,-6.4342222109421
JacksonNelson12328,West Coast,DEF,48,12,50,3.369839933,53,51,24.85474160730365,44.608344459206734,-7.39165554079327
JacksonThurlow12185,Sydney,DEF,39,8,9,2.152273339,52.75,39,17.40630020093656,31.240165252636146,-20.7598347473639
JacksonTrengove11812,Western Bulldogs,DEF,50,11,55,2.837977296,60.76666667,53,27.061804186425757,48.5694963926299,-3.4305036073701
JackWatts11765,Port Adelaide,DEF,80,20,9,5.326231691,79.75,67,35.86695241608243,64.37264137996216,12.3726413799622
JacobDawson12648,Gold Coast,DEF,73,17,27,5.001471021,72.83333333,72.66666667,35.577404383041255,63.85297158819933,11.8529715881993
JacobWeitering12402,Carlton,DEF,56,12,59,3.458213256,58.3,56.6,28.294633659548797,50.782131819118284,-1.21786818088172
JakeCarlisle11871,St Kilda,DEF,53,12,45,3.08721379,64.81818182,52.8,27.90394175265127,50.08093285130492,-1.91906714869508
JakeKelly12335,Adelaide,DEF,66,16,68,4.177545692,65.96666667,61.5,33.422578748278944,59.9855725347825,7.9855725347825
JakeKolodjashnij12370,Geelong,DEF,47,11,59,2.89397527,52.84615385,47.9,24.18177017239635,43.4005209358783,-8.5994790641217
JakeLever12351,Melbourne,DEF,60,15,36,3.883997929,66.45454545,59.875,30.254564440879903,54.2997410057746,2.2997410057746
JakeLloyd12268,Sydney,DEF,108,31,68,8.340059188,107.7666667,104.4166667,60.64266842155939,108.83915369610831,56.8391536961083
JakeStein12735,Greater Western Sydney,DEF,46,8,45,2.116962159,46.2,46.4,19.44711539228398,34.90294270056005,-17.09705729944
JamesFrawley11575,Hawthorn,DEF,50,12,68,3.187250996,52.75,52.75,26.190307176758786,47.005366722057545,-4.99463327794246
JamesSicily12332,Hawthorn,DEF,78,20,68,5.312084993,85.61111111,72.25,43.21235247076018,77.55588588947077,25.5558858894708
JamieMacmillan11862,North Melbourne,DEF,68,19,50,5.164446861,72,69.75,36.93230436557779,66.2846945199317,14.2846945199317
JarmanImpey12237,Hawthorn,DEF,67,16,45,4.249667995,68.1,66.71428571,33.258255870704986,59.69065208695965,7.69065208695965
JarrodBrander12646,West Coast,DEF,48,8,5,2.246559955,54.5,42,18.295249874901412,32.835618300978076,-19.1643816990219
JarrodHarbrow11555,Gold Coast,DEF,69,19,64,5.589879376,75.33333333,72.41666667,40.246205940465416,72.23235896529673,20.2323589652967
JarrodLienert12659,Port Adelaide,DEF,85,24,14,6.391478029,85.16666667,54,37.547941728919085,67.389617033301,15.389617033301
JarrynGeary11630,St Kilda,DEF,56,17,14,4.373552869,66.38461538,69,30.87105990602898,55.406203607615836,3.40620360761584
JasonCarter12749,Fremantle,DEF,38,9,9,2.478656018,38.25,38.5,13.43275623504875,24.108599744747732,-27.8914002552523
JasonJohannisen12122,Western Bulldogs,DEF,81,22,59,5.675954592,80.80769231,78.81818182,42.76028942339623,76.74454033405515,24.7445403340551
JasperPittard11885,North Melbourne,DEF,65,17,68,4.620820875,69.75,64.25,35.80807943764569,64.2669783985102,12.2669783985102
JaydenShort12418,Richmond,DEF,77,20,50,5.452562704,78.53333333,75.9,40.471486848527654,72.63668456665282,20.6366845666528
JedBews12278,Geelong,DEF,50,11,41,2.89397527,50.22222222,50.44444444,22.379269161909438,40.16546071138412,-11.8345392886159
JeremyHowe11967,Collingwood,DEF,73,17,55,4.258517034,91.5,74.66666667,42.59188647291075,76.44229712662644,24.4422971266264
JeremyMcGovern12273,West Coast,DEF,67,15,64,4.212299916,74.23333333,68.45454545,36.878333881070915,66.1878303480344,14.1878303480344
JesseJoyce12449,Gold Coast,DEF,65,16,45,4.707266843,64.8,63.375,32.46413306156614,58.26539068723667,6.26539068723667
JimmyWebster12188,St Kilda,DEF,58,20,9,5.145356316,66.75,57,29.87571845295316,53.619802642566725,1.61980264256673
JoelGarner12725,Port Adelaide,DEF,43,12,14,3.195739015,43.16666667,43.33333333,17.38453865448343,31.201108457136773,-20.7988915428632
JoelHamling12359,Fremantle,DEF,48,11,68,3.029468466,55.18181818,53.41666667,26.77894456078188,48.06183069995513,-3.93816930004487
JohnNoble12743,Collingwood,DEF,68,19,14,4.759519038,67.83333333,67.66666667,31.750665935933917,56.984887039145235,4.98488703914524
JonathonMarsh12386,St Kilda,DEF,35,8,14,2.058142526,34.83333333,27.5,10.198220987619942,18.303378963842473,-33.6966210361575
JordanDawson12516,Sydney,DEF,79,19,59,5.111649179,79.03846154,84.4,42.196499430444355,75.7326715081543,23.7326715081543
JordanMurdoch12099,Gold Coast,DEF,57,13,32,3.82465431,66.6,59.5,29.816569957028776,53.513645172812,1.513645172812
JordanRidley12631,Essendon,DEF,57,14,5,3.668763103,68.5,33,23.501184759844644,42.17903213520227,-9.82096786479773
JordanRoughead11833,Collingwood,DEF,59,13,68,3.256513026,63.76923077,61.25,31.128725466976228,55.86865195166267,3.86865195166267
JoshBattle12558,St Kilda,DEF,65,14,55,3.601749421,65.20833333,64.66666667,31.708394767351244,56.90902035428399,4.90902035428399
JoshRotham12709,West Coast,DEF,53,12,9,3.369839933,53,53,21.939517178413375,39.376210584935514,-12.6237894150645
JoshWagner12424,Melbourne,DEF,62,17,27,4.401864319,62,56.5,28.489171933630722,51.131281710831345,-0.868718289168655
KadeSimpson1456,Carlton,DEF,83,22,64,6.340057637,90.75,82.25,47.92556359259878,86.01497786289761,34.0149778628976
KyleHartigan6623,Adelaide,DEF,46,11,55,2.872062663,50.38888889,45.09090909,22.597236833289525,40.556660793827824,-11.4433392061722
LachieHenderson11637,Geelong,DEF,55,14,18,3.683241252,65,55.25,27.252632901182366,48.91198850842277,-3.08801149157723
LachiePlowman12142,Carlton,DEF,59,14,68,4.034582133,59.2,58.83333333,30.650402382183373,55.01017588032182,3.01017588032182
LachieWeller12385,Gold Coast,DEF,81,22,64,6.472491909,80.92857143,83,45.26670420409317,81.24295820785518,29.2429582078552
LachieYoung12717,Western Bulldogs,DEF,48,10,9,2.57997936,48,64,20.916073770672256,37.539373300994306,-14.4606266990057
LachlanKeeffe11991,Greater Western Sydney,DEF,44,8,41,2.116962159,43.88888889,39.57142857,17.264157083471897,30.98505219426881,-21.0149478057312
LeviCasboult12114,Carlton,DEF,71,12,59,3.458213256,76.5,72.27272727,36.53197553786025,65.5661995733366,13.5661995733366
LeviGreenwood11745,Collingwood,DEF,65,16,50,4.008016032,67.05555556,62.22222222,32.15999347500367,57.719532530454515,5.71953253045452
LewisJetta11804,West Coast,DEF,62,17,64,4.773939905,77,61.66666667,37.53924795144284,67.37401377230398,15.374013772304
LewisMelican12526,Sydney,DEF,48,11,59,2.959375841,49,48.3,23.181728527915993,41.60568424614894,-10.3943157538511
LewisYoung12559,Western Bulldogs,DEF,57,13,27,3.353973168,57.16666667,57.33333333,25.352977204733662,45.50255875051385,-6.49744124948615
LiamBaker12661,Richmond,DEF,66,17,45,4.634678299,66.05,57.375,31.707014961825106,56.90654393183031,4.90654393183031
LiamDuggan12334,West Coast,DEF,64,15,41,4.212299916,73.5,66.66666667,34.52517173308449,61.96446446782346,9.96446446782346
LiamJones11866,Carlton,DEF,44,9,36,2.593659942,49,42.71428571,19.783907937340736,35.50740514473085,-16.4925948552691
LiamStocker12721,Carlton,DEF,42,12,9,3.458213256,42,24,13.804855342523757,24.776429063654465,-27.2235709363455
LukeBrown12106,Adelaide,DEF,60,15,59,3.916449086,59.84615385,60.72727273,30.252777351599818,54.29653360593738,2.29653360593738
LukeMcDonald12246,North Melbourne,DEF,63,16,41,4.349007883,75.3,64.33333333,34.916257215481984,62.666369809967755,10.6663698099678
LukeRyan12542,Fremantle,DEF,74,18,50,4.957312035,74.80769231,71.125,37.671686786467546,67.61170995381737,15.6117099538174
MarcusAdams12409,Brisbane Lions,DEF,49,11,36,2.945113788,61.83333333,49.375,25.450585243996183,45.67774194518166,-6.32225805481834
MarkBlicavs12153,Geelong,DEF,70,14,68,3.683241252,77.9,71.91666667,38.000807293708,68.2024029164534,16.2024029164534
MarleyWilliams12084,North Melbourne,DEF,56,17,68,4.620820875,57.23333333,54.16666667,30.260777683094467,54.31089229647377,2.31089229647377
MartinGleeson12240,Essendon,DEF,58,17,41,4.454926625,62.03571429,58,29.956175888380184,53.76420458608878,1.76420458608878
MartyHore12694,Melbourne,DEF,48,13,36,3.366131538,48,44.66666667,21.130848027746495,37.92484196495831,-14.0751580350417
MasonRedman12437,Essendon,DEF,70,18,59,4.716981132,76,71.63636364,38.4267075917283,68.9667925648972,16.9667925648972
MattBuntine12082,Greater Western Sydney,DEF,59,12,14,3.175443239,59,59,24.860122144338455,44.61800124233553,-7.38199875766447
MattScharenberg12384,Collingwood,DEF,52,15,32,3.75751503,64.9,51.57142857,27.83723099030125,49.961202913530336,-2.03879708646966
MattSuckling11718,Western Bulldogs,DEF,86,21,64,5.417956656,85.78571429,87.27272727,45.67420557745457,81.97432616644073,29.9743261664407
MichaelHibberd11938,Melbourne,DEF,62,18,59,4.660797514,77.11538462,61.63636364,36.97890545385465,66.36833237989711,14.3683323798971
MichaelHurley11715,Essendon,DEF,74,18,50,4.716981132,84.42307692,73.25,40.56949248025861,72.8125813451537,20.8125813451537
NathanBroad12456,Richmond,DEF,49,12,64,3.271537623,54.92857143,52.63636364,26.666230979601167,47.85953665345164,-4.14046334654836
NathanBrown11627,St Kilda,DEF,33,8,45,2.058142526,33.05,34.25,13.2547640937719,23.78914622257648,-28.2108537774235
NathanJones2447,Melbourne,DEF,70,20,68,5.178663905,88.05555556,67.83333333,42.985612831154434,77.14894221224834,25.1489422122483
NathanWilson12024,Fremantle,DEF,64,18,50,4.957312035,67.53571429,59,33.38738424263782,59.922406775286156,7.92240677528616
NevilleJetta11723,Melbourne,DEF,42,10,23,2.589331952,52.83333333,43,19.969010463937146,35.839620115907856,-16.1603798840921
NickCoffield12608,St Kilda,DEF,60,15,36,3.859017237,59.75,62.85714286,28.66026228167992,51.43834815714602,-0.561651842853983
NickHaynes12091,Greater Western Sydney,DEF,79,18,55,4.763164858,82,80.7,41.56396224204023,74.59741783183776,22.5974178318378
NickVlastuin12174,Richmond,DEF,75,19,68,5.179934569,77.16666667,77.08333333,41.21432931875461,73.96990996542641,21.9699099654264
NicNewman12508,Carlton,DEF,95,21,68,6.051873199,95.1,95.08333333,51.25741322384987,91.99485479686078,39.9948547968608
NoahAnswerth12718,Brisbane Lions,DEF,58,12,59,3.212851406,58.5,58.54545455,28.265258119120894,50.7294097169622,-1.2705902830378
OscarMcDonald12394,Melbourne,DEF,37,9,32,2.330398757,49.76666667,40.5,18.875696904137754,33.877382541765414,-18.1226174582346
PatrickAmbrose12239,Essendon,DEF,47,10,55,2.620545073,50.66666667,49.77777778,23.045495143921265,41.361177752535085,-10.6388222474649
PaulAhern12642,North Melbourne,DEF,65,20,23,5.436259853,66.77272727,65.2,32.88088052054718,59.013353168458465,7.01335316845847
PearceHanley11704,Gold Coast,DEF,76,20,50,5.884083554,77.25,78.9,41.32500667399363,74.16854947109262,22.1685494710926
PhilDavis11825,Greater Western Sydney,DEF,63,14,64,3.704683779,63.14285714,62.54545455,31.606120477306874,56.72546235027402,4.72546235027402
RileyBonner12483,Port Adelaide,DEF,69,18,64,4.793608522,71.5,67.25,36.83147761978748,66.10373451326667,14.1037345132667
RobbieFox12510,Sydney,DEF,52,12,36,3.228410008,52,53,23.53339919651424,42.236849380306694,-9.76315061969331
RobbieTarrant11859,North Melbourne,DEF,61,15,68,4.07719489,67.32142857,62.16666667,33.77919393899104,60.625611909080256,8.62561190908026
RoryLaird12165,Adelaide,DEF,96,28,68,7.310704961,103.0769231,94.66666667,55.78974835059828,100.12931741702916,48.1293174170292
RyanBurton12477,Port Adelaide,DEF,76,21,45,5.592543276,80.61538462,73.625,40.56775074600206,72.80945534678688,20.8094553467869
RyanGarthwaite12647,Richmond,DEF,37,8,18,2.181025082,43,56,18.058353916567338,32.41044644937231,-19.5895535506277
RyanLester11894,Brisbane Lions,DEF,58,11,23,2.945113788,63.66666667,53,25.595184585388036,45.937263340788796,-6.0627366592112
SamCollins12444,Gold Coast,DEF,48,12,9,3.530450132,53,76,26.110147829861244,46.86149977648528,-5.13850022351472
SamDurdin12515,North Melbourne,DEF,37,9,41,2.446316934,44,36.77777778,17.389159320856812,31.209401453317202,-20.7905985466828
SamPetrevski-Seton12487,Carlton,DEF,78,18,68,5.187319885,77.83333333,75.16666667,41.1068476074916,73.77700587996706,21.7770058799671
SamTaylor12644,Greater Western Sydney,DEF,44,11,50,2.910822969,43.77272727,39.88888889,19.35622257025012,34.739811722245456,-17.2601882777545
ShaneEdwards11557,Richmond,DEF,72,22,64,5.997818975,72.10714286,73.63636364,40.16183644276773,72.08093580127387,20.0809358012739
ShaneSavage11793,St Kilda,DEF,71,17,68,4.373552869,77.22727273,73.58333333,39.259030635919,70.46061429288828,18.4606142928883
ShannonHurn4162,West Coast,DEF,82,20,55,5.616399888,88,82.11111111,45.10478900636699,80.95235897220562,28.9523589722056
ShaunAtley11902,North Melbourne,DEF,63,19,64,5.164446861,65.9,60.72727273,34.64405325847953,62.17782850589898,10.177828505899
ShaunBurgoyne1126,Hawthorn,DEF,69,16,68,4.249667995,76.4,71.16666667,38.38377324458784,68.88973563239584,16.8897356323958
StephenHill11716,Fremantle,DEF,38,12,14,3.30487469,57.10714286,37.66666667,20.887900556676655,37.488809088567756,-14.5111909114322
StevenMay11940,Melbourne,DEF,57,15,36,3.883997929,67.36363636,57.375,30.109996901863713,54.04027668786115,2.04027668786115
SydneyStack12708,Richmond,DEF,71,18,45,4.907306434,71.2,70.875,36.04021986810568,64.68361520964586,12.6836152096459
TaylinDuman12615,Fremantle,DEF,67,16,45,4.406499587,71.33333333,65.25,34.270672092211804,61.50769819665623,9.50769819665623
TaylorDuryea12163,Western Bulldogs,DEF,77,19,50,4.901960784,77.04545455,79.7,39.715681130262055,71.28019322357956,19.2801932235796
TomBarrass12383,West Coast,DEF,53,11,45,3.089019938,63.5,53.55555556,27.630654776246956,49.59044778522496,-2.40955221477504
TomClurey12238,Port Adelaide,DEF,59,13,64,3.462050599,59.14285714,60.54545455,29.624825581519907,53.16950966394388,1.16950966394388
TomCole12446,West Coast,DEF,58,11,32,3.089019938,58,73.5,28.289820879414172,50.77349402446953,-1.22650597553047
TomDoedee12583,Adelaide,DEF,38,8,5,2.088772846,56.57692308,63,22.218911443270844,39.87765677993544,-12.1223432200646
TomJonas12002,Port Adelaide,DEF,64,16,68,4.260985353,67.63636364,62.41666667,34.2329202067166,61.439942549111706,9.43994254911171
TomLangdon12233,Collingwood,DEF,80,16,9,4.008016032,79.75,94,38.18228958183622,68.52812042138572,16.5281204213857
TomStewart12505,Geelong,DEF,94,23,68,6.0510392,94.1,95.91666667,51.09037963128893,91.69506926092797,39.695069260928
TrentMcKenzie11912,Port Adelaide,DEF,70,21,5,5.592543276,70,70,33.52292143752481,60.16566377518097,8.16566377518097
WayneMilera12405,Adelaide,DEF,77,18,64,4.699738903,78.53571429,74.36363636,40.03375213447401,71.85105495863792,19.8510549586379
WillSchofield11605,West Coast,DEF,37,9,36,2.527379949,37.0625,38.16666667,15.238341618370184,27.349195684238133,-24.6508043157619
ZacBailey12610,Brisbane Lions,DEF,54,13,50,3.480589023,54.13636364,53.9,25.884177630885407,46.45593706202651,-5.54406293797349
ZachTuohy11973,Geelong,DEF,70,19,55,4.998684557,75.3,70,38.099842019529746,68.38014667386913,16.3801466738691
ZacWilliams12175,Greater Western Sydney,DEF,99,25,59,6.615506748,99.23076923,102.1666667,53.97528604405331,96.87278951352361,44.8727895135236
ZaineCordy12392,Western Bulldogs,DEF,42,10,68,2.57997936,49,41.66666667,22.122722539996737,39.7050205965384,-12.2949794034616
