"","player_id","FirstLastTeam","Playing.for","DvP_position","Position","uf_position","games_played","dt_avg","disp_avg","risk","team_disp","usage","Season","highest_avg","talent","form"
"1","AaronFrancis12467","AFrancisESS","Essendon","KeyF","DEF","DEF",12,52,13,55,381.6,3.40670859538784,2019,51.9166666666667,58.5,55.5555555555556
"2","AaronHall12041","AHallNME","North Melbourne","Mid","MID","MID",2,94,22,9,367.9,5.97988583854308,2019,94.5,94.25,106
"3","AaronNaughton12594","ANaughtonWBD","Western Bulldogs","KeyF","DEF","FWD",15,64,11,68,387.6,2.83797729618163,2019,64.2,64.1,66.0833333333333
"4","AaronSandilands1421","ASandilandsFRE","Fremantle","Ruck","RU",NA,6,72,12,27,363.1,3.304874690168,2019,72.1666666666667,72.0833333333333,72.1666666666667
"5","AaronYoung12068","AYoungGCS","Gold Coast","GenF","FWD",NA,1,54,11,5,339.9,3.23624595469256,2019,54,59.3666666666667,54
"6","AdamCerra12603","ACerraFRE","Fremantle","Mid","MID","DEF",13,58,14,59,363.1,3.85568713852933,2019,57.6923076923077,59.8928571428571,59.9
"7","AdamKennedy12031","AKennedyGWS","Greater Western Sydney","GenD","DEF","DEF",12,64,17,55,377.9,4.49854458851548,2019,63.8333333333333,67.2857142857143,65.2222222222222
"8","AdamSaad12330","ASaadESS","Essendon","GenD","DEF","DEF",14,69,18,64,381.6,4.71698113207547,2019,68.9285714285714,68.9642857142857,67.9090909090909
"9","AdamTomlinson12027","ATomlinsonGWS","Greater Western Sydney","GenD","DEF",NA,15,73,17,68,377.9,4.49854458851548,2019,72.5333333333333,75.3666666666667,72
"10","AdamTreloar12054","ATreloarCOL","Collingwood","Mid","MID","MID",15,116,34,68,399.2,8.51703406813627,2019,116.466666666667,116.233333333333,119.5
"11","AidanCorr12181","ACorrGWS","Greater Western Sydney","GenD","DEF","DEF",2,41,12,9,377.9,3.1754432389521,2019,41,46.6538461538462,41
"12","AidenBonar12669","ABonarGWS","Greater Western Sydney","GenF","FWD",NA,2,42,10,9,377.9,2.64620269912675,2019,42,50.5,42
"13","AlexFasolo11977","AFasoloCAR","Carlton","GenF","FWD",NA,3,33,7,14,347,2.01729106628242,2019,33.3333333333333,53.875,50
"14","AlexKeath12560","AKeathADE","Adelaide","KeyD","DEF",NA,11,59,14,50,383,3.65535248041775,2019,59.0909090909091,59.0454545454545,58.75
"15","AlexNeal-Bullen12367","ANeal-BullenMEL","Melbourne",NA,NA,"FWD",10,64,14,45,386.2,3.62506473329881,2019,64.3,72.5666666666667,63.8888888888889
"16","AlexPearce12352","APearceFRE","Fremantle","KeyD","DEF","DEF",4,40,11,18,363.1,3.02946846598733,2019,40.5,40.25,24
"17","AlexRance11733","ARanceRIC","Richmond","KeyD","DEF","DEF",1,24,6,5,366.8,1.63576881134133,2019,24,44.8333333333333,52
"18","AlexSexton12080","ASextonGCS","Gold Coast","GenF","FWD","FWD",15,59,11,68,339.9,3.23624595469256,2019,58.7333333333333,61.1,59.5
"19","AlexWitherden12546","AWitherdenBRI","Brisbane Lions","GenD","DEF","DEF",14,68,17,64,373.5,4.55153949129853,2019,67.8571428571429,78.2222222222222,69.4545454545455
"20","AliirAliir12433","AAliirSYD","Sydney","KeyD","DEF","DEF",15,68,16,68,371.7,4.30454667742803,2019,68.1333333333333,70.6,68.1666666666667
"21","AllenChristensen11920","AChristensenBRI","Brisbane Lions","GenD","FWD","FWD",9,63,12,41,373.5,3.21285140562249,2019,62.6666666666667,67.5333333333333,62.6666666666667
"22","AndrewBrayshaw12589","ABrayshawFRE","Fremantle","Mid","MID","FWD",15,74,17,68,363.1,4.68190581107133,2019,74.3333333333333,74.1666666666667,76.3333333333333
"23","AndrewGaff11904","AGaffWCE","West Coast","Mid","MID","MID",13,108,32,59,356.1,8.9862398202752,2019,108.076923076923,109.791666666667,105.636363636364
"24","AndrewMcGrath12491","AMcGrathESS","Essendon","GenD","MID","MID",15,73,21,68,381.6,5.50314465408805,2019,73.0666666666667,73.0333333333333,69.75
"25","AndrewPhillips12075","APhillipsCAR","Carlton","Ruck","RU",NA,4,78,11,18,347,3.1700288184438,2019,77.75,77.875,76
"26","AndyOtten11678","AOttenADE","Adelaide","KeyD","DEF",NA,3,66,15,14,383,3.91644908616188,2019,65.6666666666667,74.1666666666667,65.6666666666667
"27","AngusBrayshaw12322","ABrayshawMEL","Melbourne","Mid","DEF","MID",15,87,21,68,386.2,5.43759709994821,2019,87.4,101.384615384615,87.0833333333333
"28","AngusSchumacher12751","ASchumacherCAR","Carlton","Mid","MID",NA,1,43,13,5,347,3.7463976945245,2019,43,43,43
"29","AnthonyMcDonald-Tipungwuti12407","AMcDonald-TipungwutiESS","Essendon",NA,NA,"FWD",15,58,11,68,381.6,2.88259958071279,2019,58.2666666666667,63.7,60.25
"30","AnthonyMiles12059","AMilesGCS","Gold Coast","MID","MID","MID",12,88,22,55,339.9,6.47249190938511,2019,87.6666666666667,87.8333333333333,88.1111111111111
"31","ArchieSmith12472","ASmithBRI","Brisbane Lions","Ruck","FWD","RUC",2,48,10,9,373.5,2.67737617135207,2019,48,48,35
"32","BacharHouli11566","BHouliRIC","Richmond","GenD","Def","DEF",14,104,29,64,366.8,7.9062159214831,2019,104.071428571429,104.035714285714,97.6363636363636
"33","BaileyBanfield12588","BBanfieldFRE","Fremantle","Mid","MID","FWD",6,57,14,27,363.1,3.85568713852933,2019,56.6666666666667,61.1923076923077,52.2
"34","BaileyDale12354","BDaleWBD","Western Bulldogs","GenF","FWD","FWD",9,69,13,41,387.6,3.35397316821465,2019,69.4444444444444,69.2307692307692,73
"35","BaileyScott12701","BScottNME","North Melbourne","MF","MID","FWD",2,64,15,9,367.9,4.07719488991574,2019,63.5,63.75,30
"36","BaileySmith12692","BSmithWBD","Western Bulldogs","Mid","MID","FWD",15,66,17,68,387.6,4.3859649122807,2019,66.0666666666667,66.0333333333333,67.5833333333333
"37","BaileyWilliams12441","BWilliamsWBD","Western Bulldogs","GenD","DEF","DEF",8,65,16,36,387.6,4.12796697626419,2019,65,71.5,70.4
"38","BayleyFritsch12598","BFritschMEL","Melbourne","GenD","FWD","FWD",15,81,17,68,386.2,4.4018643190057,2019,81.1333333333333,81.0666666666667,84.25
"39","BayleyFritsch12598","BFritschMEL","Melbourne","GenD","FWD","DEF",15,81,17,68,386.2,4.4018643190057,2019,81.1333333333333,81.0666666666667,84.25
"40","BenAinsworth12498","BAinsworthGCS","Gold Coast","Mid","MID","FWD",6,59,15,27,339.9,4.41306266548985,2019,59,59.6666666666667,71.5
"41","BenBrown12289","BBrownNME","North Melbourne","KeyF","FWD","FWD",15,77,12,68,367.9,3.26175591193259,2019,77.2666666666667,77.1333333333333,77.4166666666667
"42","BenCrocker12436","BCrockerCOL","Collingwood","MF","FWD",NA,3,45,8,14,399.2,2.00400801603206,2019,44.6666666666667,50.3333333333333,44.6666666666667
"43","BenCunnington11835","BCunningtonNME","North Melbourne","Mid","MID","MID",15,79,26,68,367.9,7.06713780918728,2019,79.4666666666667,84.7666666666667,78.4166666666667
"44","BenDavis12737","BDavisADE","Adelaide","GenF","FWD","FWD",1,27,7,5,383,1.82767624020888,2019,27,27,27
"45","BenKeays12434","BKeaysBRI","Brisbane Lions","Mid","MID",NA,2,52,14,9,373.5,3.7483266398929,2019,52.5,56,53
"46","BenKing12728","BKingGCS","Gold Coast","KeyD","FWD","FWD",13,41,7,59,339.9,2.05942924389526,2019,41.4615384615385,41.2307692307692,43.2727272727273
"47","BenLong12521","BLongSTK","St Kilda","GenF","FWD","FWD",11,58,10,50,388.7,2.57267815796244,2019,58.0909090909091,58.0454545454545,56
"48","BenMcEvoy11682","BMcEvoyHAW","Hawthorn","Ruck","RU","RUC",12,76,12,55,376.5,3.18725099601594,2019,76.4166666666667,82.3,74.1818181818182
"49","BenMcKay12580","BMcKayNME","North Melbourne","KeyD","DEF","DEF",2,40,8,9,367.9,2.17450394128839,2019,39.5,39.75,32
"50","BenMcNiece12527","BMcNieceESS","Essendon","GenD","DEF",NA,4,35,10,18,381.6,2.62054507337526,2019,34.75,38.4,32
"51","BenPaton12671","BPatonSTK","St Kilda","GenD","DEF","DEF",7,58,13,32,388.7,3.34448160535117,2019,57.5714285714286,57.7857142857143,57.5714285714286
"52","BenReid11589","BReidCOL","Collingwood","KeyD","FWD","FWD",4,45,9,18,399.2,2.25450901803607,2019,45.25,54.65,41
"53","BenRonke12616","BRonkeSYD","Sydney","GenF","FWD","FWD",9,55,11,41,371.7,2.95937584073177,2019,54.6666666666667,57.1923076923077,54.6666666666667
"54","BenStratton11824","BStrattonHAW","Hawthorn","KeyD","DEF","DEF",13,35,9,59,376.5,2.39043824701195,2019,35,44,33.5
"55","BillyFrampton12676","BFramptonPOR","Port Adelaide","Ruck","RU",NA,1,14,9,5,375.5,2.39680426098535,2019,14,33,94
"56","BillyGowers12593","BGowersWBD","Western Bulldogs","GenF","FWD","FWD",3,54,10,14,387.6,2.57997936016512,2019,54.3333333333333,58.2692307692308,53
"57","BillyStretch12353","BStretchMEL","Melbourne","MF","MID",NA,4,68,18,18,386.2,4.66079751424133,2019,67.75,82.5,72.5
"58","BlakeAcres12276","BAcresSTK","St Kilda","MF","MID",NA,12,69,17,55,388.7,4.37355286853615,2019,68.8333333333333,74.4285714285714,66.8181818181818
"59","BlakeHardwick12469","BHardwickHAW","Hawthorn","GenD","DEF","DEF",15,69,17,68,376.5,4.51527224435591,2019,69.3333333333333,69.1666666666667,71.4166666666667
"60","BobbyHill12744","BHillGWS","Greater Western Sydney",NA,NA,NA,7,50,10,32,377.9,2.64620269912675,2019,50.2857142857143,50.1428571428571,50.2857142857143
"61","BradCrouch12156","BCrouchADE","Adelaide","Mid","MID","MID",15,108,30,68,383,7.83289817232376,2019,108,108.166666666667,106
"62","BradEbert11639","BEbertPOR","Port Adelaide","Mid","MID","FWD",6,79,16,27,375.5,4.26098535286285,2019,79.3333333333333,89.5625,73.4
"63","BradleyHill12060","BHillFRE","Fremantle","Mid","MID",NA,15,94,27,68,363.1,7.43596805287799,2019,94,94,91
"64","BradScheer12530","BScheerGCS","Gold Coast","Mid","MID",NA,3,43,9,14,339.9,2.64783759929391,2019,43,50.6666666666667,43
"65","BradSheppard11843","BSheppardWCE","West Coast","GenD","DEF","DEF",15,81,19,68,356.1,5.3355798932884,2019,80.8,80.9,79.9166666666667
"66","BrandanParfitt12506","BParfittGEE","Geelong","MF","FWD","FWD",11,74,19,50,380.1,4.99868455669561,2019,74.2727272727273,74.1363636363636,70.125
"67","BrandonEllis12034","BEllisRIC","Richmond","GenD","DEF",NA,13,78,21,59,366.8,5.72519083969466,2019,77.6923076923077,84.5,76.5454545454545
"68","BrandonMatera11915","BMateraFRE","Fremantle","GenF","FWD","FWD",13,60,12,59,363.1,3.304874690168,2019,59.5384615384615,69.375,60
"69","BrandonStarcevich12668","BStarcevichBRI","Brisbane Lions","GenF","FWD","DEF",1,31,7,5,373.5,1.87416331994645,2019,31,32.5,31
"70","BrandonWhite12486","BWhiteSTK","St Kilda","GenD","DEF",NA,1,56,10,5,388.7,2.57267815796244,2019,56,56,56
"71","BrandonZerk-Thatcher12757","BZerk-ThatcherESS","Essendon",NA,NA,"DEF",1,56,11,5,381.6,2.88259958071279,2019,56,56,56
"72","BraydenFiorini12481","BFioriniGCS","Gold Coast","Mid","MID","MID",15,93,24,68,339.9,7.06090026478376,2019,92.7333333333333,92.8666666666667,88.5833333333333
"73","BraydenHam12713","BHamESS","Essendon","Mid","MID","FWD",2,52,12,9,381.6,3.14465408805031,2019,52.5,52.25,52.5
"74","BraydenMaynard12371","BMaynardCOL","Collingwood","GenD","DEF","DEF",15,75,19,68,399.2,4.75951903807615,2019,75.3333333333333,76.4642857142857,78
"75","BraydenSier12649","BSierCOL","Collingwood","Mid","MID","MID",6,51,14,27,399.2,3.50701402805611,2019,50.6666666666667,63.25,50.6666666666667
"76","BraydonPreuss12500","BPreussMEL","Melbourne","Ruck","RU","RUC",5,50,8,23,386.2,2.07146556188503,2019,50,56.3333333333333,50
"77","BraydonPreuss12500","BPreussMEL","Melbourne","Ruck","RU","FWD",5,50,8,23,386.2,2.07146556188503,2019,50,56.3333333333333,50
"78","BrendonAh Chee12338","BAh CheeWCE","West Coast",NA,NA,NA,1,69,15,5,356.1,4.212299915754,2019,69,69,69
"79","BrennanCox12544","BCoxFRE","Fremantle","KeyF","FWD","FWD",5,52,10,23,363.1,2.75406224180666,2019,52.4,55.8846153846154,56.3333333333333
"80","BrentDaniels12656","BDanielsGWS","Greater Western Sydney","GenF","MID","FWD",15,65,15,68,377.9,3.96930404869013,2019,64.6,64.8,63.25
"81","BrettBewley12731","BBewleyFRE","Fremantle","Mid","MID","FWD",7,55,14,32,363.1,3.85568713852933,2019,54.5714285714286,54.7857142857143,56.2
"82","BrettDeledio4068","BDeledioGWS","Greater Western Sydney","MF","FWD",NA,12,72,18,55,377.9,4.76316485842816,2019,72.3333333333333,72.375,72.1111111111111
"83","BrodieGrundy12217","BGrundyCOL","Collingwood","Ruck","RU","RUC",15,121,21,68,399.2,5.26052104208417,2019,120.6,120.8,122.083333333333
"84","BrodieSmith11891","BSmithADE","Adelaide","GenD","DEF","DEF",15,88,23,68,383,6.00522193211488,2019,88.2,88.1,88.5833333333333
"85","BrodyMihocek12639","BMihocekCOL","Collingwood","KeyF","DEF","FWD",15,74,14,68,399.2,3.50701402805611,2019,74.3333333333333,74.1666666666667,77
"86","BryceGibbs11535","BGibbsADE","Adelaide","Mid","MID","MID",8,76,19,36,383,4.96083550913838,2019,75.875,94.6333333333333,76.3333333333333
"87","CalebDaniel12373","CDanielWBD","Western Bulldogs","GenD","MID","DEF",10,96,27,45,387.6,6.96594427244582,2019,95.6,95.8,95.8571428571429
"88","CalebGraham12754","CGrahamGCS","Gold Coast","KeyD","DEF","DEF",3,46,12,14,339.9,3.53045013239188,2019,45.6666666666667,45.8333333333333,45.6666666666667
"89","CalebMarchbank12369","CMarchbankCAR","Carlton","GenD","DEF","DEF",6,55,13,27,347,3.7463976945245,2019,55,59.1666666666667,56
"90","CaleHooker11702","CHookerESS","Essendon","KeyD","DEF","DEF",11,73,18,50,381.6,4.71698113207547,2019,73.1818181818182,74.8846153846154,70.2222222222222
"91","CallumAh Chee12414","CAh CheeGCS","Gold Coast",NA,NA,NA,1,62,17,5,339.9,5.0014710208885,2019,62,62,62
"92","CallumBrown12545","CBrownCOL","Collingwood","MF","MID",NA,14,64,15,64,399.2,3.75751503006012,2019,63.5,63.75,64
"93","CallumColeman-Jones12730","CColeman-JonesRIC","Richmond",NA,NA,"FWD",1,66,13,5,366.8,3.54416575790622,2019,66,66,64
"94","CallumColeman-Jones12730","CColeman-JonesRIC","Richmond",NA,NA,"RUC",1,66,13,5,366.8,3.54416575790622,2019,66,66,72
"95","CallumMills12413","CMillsSYD","Sydney","GenD","DEF","DEF",15,76,18,68,371.7,4.84261501210654,2019,75.5333333333333,75.7666666666667,76.6666666666667
"96","CallumSinclair12158","CSinclairSYD","Sydney","Ruck","RU","RUC",7,73,11,32,371.7,2.95937584073177,2019,72.7142857142857,81.8333333333333,64
"97","CallumWilkie12703","CWilkieSTK","St Kilda","GenD","DEF","DEF",15,61,14,68,388.7,3.60174942114741,2019,61.2666666666667,61.1333333333333,62.9166666666667
"98","CamEllis-Yolmen12283","CEllis-YolmenADE","Adelaide",NA,NA,NA,4,100,24,18,383,6.26631853785901,2019,100,100,89
"99","CameronGuthrie11884","CGuthrieGEE","Geelong","Mid","MID","MID",13,73,17,59,380.1,4.47250723493817,2019,73.2307692307692,73.1153846153846,71.2727272727273
"100","CameronPolson12523","CPolsonCAR","Carlton","GenF","FWD","FWD",1,49,14,5,347,4.03458213256484,2019,49,49,49
"101","CameronSutcliffe12104","CSutcliffePOR","Port Adelaide","GenD","DEF","FWD",5,50,11,23,375.5,2.92942743009321,2019,50.2,55.55,50.2
"102","CameronZurhaar12557","CZurhaarNME","North Melbourne","GenF","FWD","FWD",13,63,12,59,367.9,3.26175591193259,2019,63.4615384615385,63.2307692307692,60.2727272727273
"103","CamMcCarthy12315","CMcCarthyFRE","Fremantle","KeyF","FWD","FWD",8,60,12,36,363.1,3.304874690168,2019,59.625,59.8125,52.5714285714286
"104","CamRayner12592","CRaynerBRI","Brisbane Lions","MF","MID","FWD",15,49,10,68,373.5,2.67737617135207,2019,48.5333333333333,48.7666666666667,46.1666666666667
"105","CedricCox12522","CCoxBRI","Brisbane Lions","KeyD","DEF","FWD",1,44,9,5,373.5,2.40963855421687,2019,44,47.3333333333333,44
"106","ChadWingard12047","CWingardHAW","Hawthorn","MF","MID","FWD",9,86,21,41,376.5,5.57768924302789,2019,85.7777777777778,89.2083333333333,92.2857142857143
"107","ChangkuothJiath12752","CJiathHAW","Hawthorn","GenF","FWD","DEF",2,54,14,9,376.5,3.71845949535193,2019,53.5,53.75,53.5
"108","CharlieBallard12625","CBallardGCS","Gold Coast","GenD","MID","DEF",14,56,13,64,339.9,3.8246543100912,2019,55.8571428571429,55.9285714285714,58
"109","CharlieCameron12277","CCameronBRI","Brisbane Lions","GenF","FWD","FWD",15,67,12,68,373.5,3.21285140562249,2019,67.2666666666667,67.1333333333333,68.6666666666667
"110","CharlieConstable12687","CConstableGEE","Geelong","Mid","MID","MID",2,94,26,9,380.1,6.84030518284662,2019,94,94,106
"111","CharlieCurnow12421","CCurnowCAR","Carlton","GenF","FWD","FWD",7,61,11,32,347,3.1700288184438,2019,60.7142857142857,67.5,56
"112","CharlieDixon11914","CDixonPOR","Port Adelaide","KeyF","FWD","FWD",9,56,11,41,375.5,2.92942743009321,2019,56.4444444444444,67.5625,56.4444444444444
"113","CharlieSpargo12622","CSpargoMEL","Melbourne","Mid","MID","FWD",6,52,12,27,386.2,3.10719834282755,2019,52,55.2272727272727,54
"114","ChayceJones12691","CJonesADE","Adelaide","MF","MID","FWD",5,55,13,23,383,3.39425587467363,2019,55.2,55.1,60.6666666666667
"115","ChrisBurgess12705","CBurgessGCS","Gold Coast","KeyD","DEF","DEF",11,37,9,50,339.9,2.64783759929391,2019,37,37,42.75
"116","ChrisMasten11638","CMastenWCE","West Coast","Mid","MID",NA,10,70,18,45,356.1,5.0547598989048,2019,70.2,72.1785714285714,74.3333333333333
"117","ChrisMayne11642","CMayneCOL","Collingwood","GenF","FWD","MID",15,83,20,68,399.2,5.01002004008016,2019,82.5333333333333,82.7666666666667,79.3333333333333
"118","ChristianPetracca12430","CPetraccaMEL","Melbourne","MF","MID","FWD",15,79,20,68,386.2,5.17866390471258,2019,78.5333333333333,81.3333333333333,79.8333333333333
"119","ChristianSalem12272","CSalemMEL","Melbourne","GenD","DEF","DEF",13,90,24,59,386.2,6.2143966856551,2019,89.6923076923077,90,86.5
"120","ClaytonOliver12410","COliverMEL","Melbourne","Mid","MID","MID",15,103,29,68,386.2,7.50906266183325,2019,103.133333333333,108.766666666667,108.666666666667
"121","ColinORiordan12658","CORiordanSYD","Sydney",NA,NA,NA,10,55,14,45,371.7,3.76647834274953,2019,54.6,60.3333333333333,53.625
"122","ConnorBlakely12397","CBlakelyFRE","Fremantle","Mid","MID","DEF",13,75,20,59,363.1,5.50812448361333,2019,75.0769230769231,82.8333333333333,74.6363636363636
"123","ConnorIdun12750","CIdunGWS","Greater Western Sydney","GenD","DEF","DEF",1,33,8,5,377.9,2.1169621593014,2019,33,33,33
"124","ConnorMenadue12356","CMenadueRIC","Richmond","GenD","FWD",NA,2,42,10,9,366.8,2.72628135223555,2019,42.5,50,50
"125","ConnorRozee12697","CRozeePOR","Port Adelaide","GenF","FWD","FWD",15,69,15,68,375.5,3.99467376830892,2019,69.1333333333333,69.0666666666667,71.8333333333333
"126","ConorGlass12561","CGlassHAW","Hawthorn","GenD","DEF","DEF",6,52,14,27,376.5,3.71845949535193,2019,52.3333333333333,52.75,58
"127","ConorMcKenna12391","CMcKennaESS","Essendon","GenD","DEF","DEF",14,73,21,64,381.6,5.50314465408805,2019,72.9285714285714,72.9642857142857,76.1818181818182
"128","ConorNash12670","CNashHAW","Hawthorn","GenD","DEF","FWD",11,43,9,50,376.5,2.39043824701195,2019,42.7272727272727,51.6666666666667,42.4
"129","CoreyEllis12346","CEllisGCS","Gold Coast","GenD","MID","DEF",4,62,18,18,339.9,5.29567519858782,2019,62,62,62
"130","CoreyWagner12453","CWagnerMEL","Melbourne","Mid","MID","FWD",8,56,12,36,386.2,3.10719834282755,2019,56.125,56.0625,56.3333333333333
"131","CurtisTaylor12722","CTaylorNME","North Melbourne","GenF","MID","FWD",1,11,4,5,367.9,1.0872519706442,2019,11,11,11
"132","DaleMorris4084","DMorrisWBD","Western Bulldogs","GenD","DEF",NA,1,22,6,5,387.6,1.54798761609907,2019,22,32.4090909090909,22
"133","DaleThomas4152","DThomasCAR","Carlton","GenD","MID",NA,13,80,19,59,347,5.47550432276657,2019,80,80.6538461538462,80.7272727272727
"134","DanButler12490","DButlerRIC","Richmond","GenF","FWD",NA,6,52,9,27,366.8,2.453653217012,2019,51.8333333333333,58.375,51.25
"135","DaneRampe12140","DRampeSYD","Sydney","GenD","DEF","DEF",14,86,21,64,371.7,5.64971751412429,2019,86.2142857142857,86.1071428571429,84.5454545454545
"136","DanHannebery11783","DHanneberySTK","St Kilda","Mid","MID","MID",5,99,25,23,388.7,6.4316953949061,2019,98.6,98.8,98.6
"137","DanHouston12495","DHoustonPOR","Port Adelaide","GenD","DEF","DEF",14,83,22,64,375.5,5.85885486018642,2019,83.3571428571429,83.1785714285714,83.7272727272727
"138","DanielHowe12360","DHoweHAW","Hawthorn","Mid","MID","DEF",8,63,15,36,376.5,3.98406374501992,2019,63.375,72.5555555555556,63.375
"139","DanielLloyd12532","DLloydGWS","Greater Western Sydney","GenF","FWD","FWD",7,55,14,32,377.9,3.70468377877745,2019,54.7142857142857,54.8571428571429,53.1666666666667
"140","DanielMcKenzie12350","DMcKenzieSTK","St Kilda","GenD","MID","DEF",9,39,10,41,388.7,2.57267815796244,2019,39.4444444444444,47.1153846153846,35.2857142857143
"141","DanielMcStay12291","DMcStayBRI","Brisbane Lions","KeyF","DEF","FWD",15,49,10,68,373.5,2.67737617135207,2019,49.1333333333333,50.6428571428571,49.1666666666667
"142","DanielMenzel11873","DMenzelSYD","Sydney","GenF","FWD",NA,7,48,10,32,371.7,2.69034167339252,2019,48.4285714285714,57.3636363636364,51
"143","DanielRich11725","DRichBRI","Brisbane Lions","GenD","DEF","DEF",15,88,22,68,373.5,5.89022757697456,2019,87.5333333333333,87.7666666666667,86.9166666666667
"144","DanielRioli12403","DRioliRIC","Richmond","GenF","FWD","FWD",14,58,13,64,366.8,3.54416575790622,2019,57.9285714285714,62.05,57.4166666666667
"145","DanielTalia11989","DTaliaADE","Adelaide","KeyD","DEF","DEF",15,59,12,68,383,3.1331592689295,2019,58.8,58.9,58.3333333333333
"146","DanielVenables12602","DVenablesWCE","West Coast","MF","MID","FWD",2,49,11,9,356.1,3.0890199382196,2019,49,49,56
"147","DanielWells1427","DWellsCOL","Collingwood","Mid","MID",NA,1,67,11,5,399.2,2.75551102204409,2019,67,69.0833333333333,54
"148","DarcyByrne-Jones12422","DByrne-JonesPOR","Port Adelaide",NA,NA,"DEF",15,89,24,68,375.5,6.39147802929427,2019,88.9333333333333,88.9666666666667,87.5
"149","DarcyFogarty12584","DFogartyADE","Adelaide","KeyF","FWD","FWD",4,59,10,18,383,2.61096605744125,2019,59.25,59.125,59.25
"150","DarcyFort12724","DFortGEE","Geelong","Ruck","RU","FWD",2,44,7,9,380.1,1.84162062615101,2019,43.5,43.75,46
"151","DarcyGardiner12267","DGardinerBRI","Brisbane Lions","KeyD","DEF","DEF",15,59,13,68,373.5,3.4805890227577,2019,59.1333333333333,59.7307692307692,57
"152","DarcyLang12286","DLangCAR","Carlton","GenF","FWD","FWD",8,46,8,36,347,2.30547550432277,2019,45.875,53.6666666666667,47.1428571428571
"153","DarcyMacPherson12438","DMacPhersonGCS","Gold Coast",NA,NA,"FWD",15,87,19,68,339.9,5.58987937628714,2019,87.4,93,85.4166666666667
"154","DarcyMoore12372","DMooreCOL","Collingwood","GenD","FWD","DEF",9,51,13,41,399.2,3.2565130260521,2019,51,58.2142857142857,50.7142857142857
"155","DarcyParish12406","DParishESS","Essendon","Mid","MID","FWD",13,80,21,59,381.6,5.50314465408805,2019,80,80.1666666666667,75.8181818181818
"156","DarcyTucker12426","DTuckerFRE","Fremantle","GenD","DEF","FWD",15,76,19,68,363.1,5.23271825943266,2019,75.8666666666667,75.9333333333333,76.1666666666667
"157","DarraghJoyce12654","DJoyceSTK","St Kilda","KeyD","DEF","DEF",2,49,16,9,388.7,4.1162850527399,2019,49,49,58
"158","DavidArmitage11570","DArmitageSTK","St Kilda","Mid","MID",NA,2,66,16,9,388.7,4.1162850527399,2019,66,76.1363636363636,66
"159","DavidAstbury11828","DAstburyRIC","Richmond","KeyD","DEF","DEF",13,51,13,59,366.8,3.54416575790622,2019,50.8461538461538,58.2,51.3
"160","DavidCuningham12476","DCuninghamCAR","Carlton","MF","MID","FWD",6,61,15,27,347,4.32276657060519,2019,61.3333333333333,63.0714285714286,51.3333333333333
"161","DavidMackay11634","DMackayADE","Adelaide",NA,NA,"DEF",11,65,17,50,383,4.43864229765013,2019,65.2727272727273,66.8846153846154,65.2222222222222
"162","DavidMirra12613","DMirraHAW","Hawthorn","GenD","DEF",NA,1,76,16,5,376.5,4.24966799468791,2019,76,76,64
"163","DavidMundy4088","DMundyFRE","Fremantle","Mid","MID","MID",15,68,19,68,363.1,5.23271825943266,2019,68.3333333333333,78.9333333333333,68.75
"164","DavidMyers11663","DMyersESS","Essendon","Mid","MID",NA,3,62,14,14,381.6,3.66876310272537,2019,62,72.2272727272727,65.5
"165","DavidSwallow11919","DSwallowGCS","Gold Coast","Mid","MID","MID",15,90,23,68,339.9,6.76669608708444,2019,90.3333333333333,90.1666666666667,92.75
"166","DavidZaharakis11729","DZaharakisESS","Essendon","Mid","MID","MID",14,72,19,64,381.6,4.979035639413,2019,72.4285714285714,87.3666666666667,69.6363636363636
"167","DawsonSimpson11822","DSimpsonGWS","Greater Western Sydney","Ruck","RU",NA,8,70,8,36,377.9,2.1169621593014,2019,69.5,74.25,69.7142857142857
"168","DayneBeams11728","DBeamsCOL","Collingwood","Mid","MID","MID",4,89,24,18,399.2,6.01202404809619,2019,89.25,98.7,128
"169","DayneZorko12076","DZorkoBRI","Brisbane Lions","Mid","MID","MID",15,103,22,68,373.5,5.89022757697456,2019,102.866666666667,107.571428571429,105.833333333333
"170","DeanKent12184","DKentSTK","St Kilda","GenF","FWD","FWD",6,56,12,27,388.7,3.08721378955493,2019,55.8333333333333,55.9166666666667,60.3333333333333
"171","DerekEggmolesse-Smith12741","DEggmolesse-SmithRIC","Richmond",NA,NA,"DEF",2,58,18,9,366.8,4.90730643402399,2019,58,58,58
"172","DevonSmith12029","DSmithESS","Essendon","MF","FWD","FWD",2,90,21,9,381.6,5.50314465408805,2019,89.5,101.133333333333,86
"173","DionPrestia11917","DPrestiaRIC","Richmond","Mid","MID","MID",15,102,28,68,366.8,7.63358778625954,2019,101.733333333333,101.866666666667,104.25
"174","DomSheed12253","DSheedWCE","West Coast","Mid","MID","MID",15,96,28,68,356.1,7.8629598427408,2019,96.2,96.1,92.9166666666667
"175","DomTyson12032","DTysonNME","North Melbourne","Mid","MID","MID",2,80,22,9,367.9,5.97988583854308,2019,79.5,85.7083333333333,87
"176","DougalHoward12420","DHowardPOR","Port Adelaide","KeyD","DEF",NA,8,52,10,36,375.5,2.66311584553928,2019,52.375,56.3333333333333,43.1666666666667
"177","DoultonLanglands12747","DLanglandsSTK","St Kilda","GenF","DEF","MID",3,58,12,14,388.7,3.08721378955493,2019,57.6666666666667,57.8333333333333,57.6666666666667
"178","DustinMartin11794","DMartinRIC","Richmond","Mid","MID","FWD",14,100,29,64,366.8,7.9062159214831,2019,99.7142857142857,107.933333333333,100.090909090909
"179","DylanClarke12632","DClarkeESS","Essendon","Mid","MID","MID",11,66,15,50,381.6,3.93081761006289,2019,66.1818181818182,66.0909090909091,61.9
"180","DylanGrimes11879","DGrimesRIC","Richmond","KeyD","DEF","DEF",15,53,12,68,366.8,3.27153762268266,2019,52.8666666666667,54.8571428571429,56.25
"181","DylanMoore12710","DMooreHAW","Hawthorn","GenF","FWD","FWD",3,46,11,14,376.5,2.92164674634794,2019,46.3333333333333,46.1666666666667,46.3333333333333
"182","DylanShiel12022","DShielESS","Essendon","Mid","MID","MID",14,92,25,64,381.6,6.55136268343815,2019,92.3571428571429,93.5333333333333,94.75
"183","DysonHeppell11896","DHeppellESS","Essendon","Mid","MID","MID",10,91,25,45,381.6,6.55136268343815,2019,90.8,97.3333333333333,87.2857142857143
"184","EastonWood11788","EWoodWBD","Western Bulldogs","KeyD","DEF","DEF",15,47,12,68,387.6,3.09597523219814,2019,47,53.5909090909091,47.9166666666667
"185","EdCurnow11883","ECurnowCAR","Carlton","Mid","MID","MID",15,95,24,68,347,6.9164265129683,2019,94.9333333333333,94.9666666666667,95.4166666666667
"186","EddieBetts4060","EBettsADE","Adelaide","GenF","FWD",NA,14,58,12,64,383,3.1331592689295,2019,58.2142857142857,63.5714285714286,55.6363636363636
"187","EdLangdon12393","ELangdonFRE","Fremantle","Mid","MID",NA,15,92,25,68,363.1,6.88515560451666,2019,92.4,92.2,91.5833333333333
"188","EdPhillips12630","EPhillipsSTK","St Kilda","Mid","MID","MID",2,54,12,9,388.7,3.08721378955493,2019,54.5,63.8,69
"189","EdRichards12605","ERichardsWBD","Western Bulldogs","GenD","DEF","FWD",12,50,12,55,387.6,3.09597523219814,2019,49.6666666666667,50.5357142857143,52.2
"190","EdVickers-Willis12524","EVickers-WillisNME","North Melbourne",NA,NA,"DEF",1,-1,1,5,367.9,0.271812992661049,2019,-1,25.75,73
"191","ElliottHimmelberg12675","EHimmelbergADE","Adelaide","KeyF","DEF","FWD",2,52,8,9,383,2.088772845953,2019,51.5,58.5,52
"192","ElliotYeo12087","EYeoWCE","West Coast","Mid","DEF","MID",14,102,24,64,356.1,6.7396798652064,2019,102.428571428571,106,102.818181818182
"193","EricHipwood12454","EHipwoodBRI","Brisbane Lions","KeyF","FWD","FWD",14,55,10,64,373.5,2.67737617135207,2019,54.5714285714286,55.9666666666667,60.4545454545455
"194","EsavaRatugolea12597","ERatugoleaGEE","Geelong","KeyF","FWD","FWD",11,56,9,50,380.1,2.36779794790844,2019,56,56,58.1111111111111
"195","EthanHughes12395","EHughesFRE","Fremantle","KeyD","DEF","DEF",14,59,17,64,363.1,4.68190581107133,2019,59.2857142857143,62.9090909090909,62.1818181818182
"196","FlynnAppleby12620","FApplebyCOL","Collingwood","GenD","DEF","DEF",1,25,7,5,399.2,1.75350701402806,2019,25,33.8,25
"197","FrancisWatson12746","FWatsonWCE","West Coast","GenD","DEF","DEF",2,64,14,9,356.1,3.9314799213704,2019,64,64,64
"198","GaryAblett1105","GAblettGEE","Geelong","Mid","MID","FWD",14,87,21,64,380.1,5.52486187845304,2019,86.7857142857143,99.6875,88.1666666666667
"199","GaryRohan11842","GRohanGEE","Geelong","GenF","FWD","FWD",11,41,8,50,380.1,2.10470928702973,2019,41.0909090909091,54.0909090909091,40.75
"200","GeorgeHewett12411","GHewettSYD","Sydney","Mid","MID","MID",15,75,22,68,371.7,5.91875168146355,2019,74.7333333333333,74.8666666666667,76.0833333333333
"201","GeorgeHorlin-Smith12053","GHorlin-SmithGCS","Gold Coast",NA,NA,"DEF",4,44,10,18,339.9,2.94204177699323,2019,44.25,56.6666666666667,33
"202","GrantBirchall4149","GBirchallHAW","Hawthorn","GenD","DEF",NA,3,73,21,14,376.5,5.57768924302789,2019,73,77.125,73
"203","GriffinLogue12511","GLogueFRE","Fremantle","GenD","DEF","DEF",10,50,12,45,363.1,3.304874690168,2019,50.1,50.05,50.1
"204","GryanMiers12689","GMiersGEE","Geelong","GenF","FWD","FWD",15,61,14,68,380.1,3.68324125230203,2019,61.1333333333333,61.0666666666667,65.0833333333333
"205","HamishHartlett11740","HHartlettPOR","Port Adelaide","GenD","DEF","DEF",11,76,19,50,375.5,5.05992010652463,2019,76.3636363636364,80.25,76.3636363636364
"206","HarrisAndrews12340","HAndrewsBRI","Brisbane Lions","KeyD","DEF","DEF",14,57,13,64,373.5,3.4805890227577,2019,57.0714285714286,61.1818181818182,52.5454545454545
"207","HarrisonHimmelberg12462","HHimmelbergGWS","Greater Western Sydney","KeyF","FWD","FWD",14,63,12,64,377.9,3.1754432389521,2019,63,63.9333333333333,60.3636363636364
"208","HarryCunningham12015","HCunninghamSYD","Sydney","GenD","FWD","DEF",4,70,18,18,371.7,4.84261501210654,2019,70.25,73.4,66.3333333333333
"209","HarryMcKay12566","HMcKayCAR","Carlton","KeyF","FWD","FWD",13,62,10,59,347,2.88184438040346,2019,62.3076923076923,62.75,60.8
"210","HarryMorrison12579","HMorrisonHAW","Hawthorn","Mid","Mid","FWD",4,48,11,18,376.5,2.92164674634794,2019,48.25,61.5,42.5
"211","HarryPerryman12536","HPerrymanGWS","Greater Western Sydney","GenD","DEF","MID",14,73,18,64,377.9,4.76316485842816,2019,73.2142857142857,73.1071428571429,75.4545454545455
"212","HarryPetty12653","HPettyMEL","Melbourne","KeyD","DEF","FWD",9,50,9,41,386.2,2.33039875712066,2019,50.2222222222222,50.1111111111111,53.875
"213","HarryPetty12653","HPettyMEL","Melbourne","KeyD","DEF","DEF",9,50,9,41,386.2,2.33039875712066,2019,50.2222222222222,50.1111111111111,53.875
"214","HarryTaylor11643","HTaylorGEE","Geelong","KeyD","FWD","DEF",14,52,13,64,380.1,3.42015259142331,2019,51.7857142857143,58.2,51.2727272727273
"215","HaydenBallantyne11770","HBallantyneFRE","Fremantle","GenF","FWD",NA,3,48,11,14,363.1,3.02946846598733,2019,48.3333333333333,51.95,59
"216","HaydenCrozier12088","HCrozierWBD","Western Bulldogs","GenD","FWD","DEF",14,69,16,64,387.6,4.12796697626419,2019,68.5714285714286,74.0384615384615,72.5
"217","HaydenMcLean12745","HMcLeanSYD","Sydney","Ruck","FWD","RUC",4,65,11,18,371.7,2.95937584073177,2019,64.75,64.875,64.75
"218","HeathGrundy1401","HGrundySYD","Sydney","GenD","DEF",NA,1,48,11,5,371.7,2.95937584073177,2019,48,54.0666666666667,116
"219","HeathShaw4132","HShawGWS","Greater Western Sydney","GenD","DEF","DEF",15,80,20,68,377.9,5.29240539825351,2019,79.9333333333333,84.2307692307692,78.25
"220","HughDixon12760","HDixonFRE","Fremantle","KeyF","FWD","FWD",4,35,8,18,363.1,2.20324979344533,2019,35,35,35
"221","HughGoddard12382","HGoddardCAR","Carlton","KeyD","DEF","DEF",2,25,6,9,347,1.72910662824208,2019,25,25,25
"222","HughGreenwood12533","HGreenwoodADE","Adelaide","Mid","MID",NA,9,80,17,41,383,4.43864229765013,2019,80.1111111111111,80.0555555555556,74.7142857142857
"223","HughMcCluggage12518","HMcCluggageBRI","Brisbane Lions","MF","MID","MID",14,91,23,64,373.5,6.15796519410977,2019,90.7857142857143,90.8928571428571,91.6363636363636
"224","HunterClark12591","HClarkSTK","St Kilda","Mid","MID","DEF",11,84,23,50,388.7,5.91715976331361,2019,84.4545454545455,84.2272727272727,84.4545454545455
"225","IsaacCumming12629","ICummingGWS","Greater Western Sydney","GenD","DEF","DEF",4,54,12,18,377.9,3.1754432389521,2019,54,54,49
"226","IsaacHeeney12326","IHeeneySYD","Sydney","Mid","MID","FWD",15,89,20,68,371.7,5.38068334678504,2019,89.4,90.1923076923077,91.8333333333333
"227","IsaacQuaynor12740","IQuaynorCOL","Collingwood","GenD","DEF","DEF",4,61,14,18,399.2,3.50701402805611,2019,60.75,60.875,60.75
"228","IsaacSmith11941","ISmithHAW","Hawthorn","Mid","MID","MID",14,86,23,64,376.5,6.10889774236388,2019,86.1428571428571,89.0333333333333,88.25
"229","IvanSoldo12529","ISoldoRIC","Richmond","Ruck","RU","RUC",10,72,10,45,366.8,2.72628135223555,2019,72.2,72.1,73.2222222222222
"230","JackBillings12249","JBillingsSTK","St Kilda","MF","FWD","MID",15,98,25,68,388.7,6.4316953949061,2019,98.3333333333333,98.1666666666667,105.083333333333
"231","JackBowes12499","JBowesGCS","Gold Coast","Mid","MID","MID",8,64,17,36,339.9,5.0014710208885,2019,64.375,67.5,73.6
"232","JackCrisp12061","JCrispCOL","Collingwood","GenD","DEF","DEF",15,101,27,68,399.2,6.76352705410822,2019,100.8,100.9,105
"233","JackDarling11905","JDarlingWCE","West Coast","KeyF","FWD","FWD",15,80,13,68,356.1,3.6506599269868,2019,80.2666666666667,80.1333333333333,78.1666666666667
"234","JackGraham12576","JGrahamRIC","Richmond","Mid","MID","MID",12,85,18,55,366.8,4.90730643402399,2019,84.5833333333333,84.7916666666667,82.6363636363636
"235","JackGunston11845","JGunstonHAW","Hawthorn","KeyF","FWD","FWD",13,79,16,59,376.5,4.24966799468791,2019,78.8461538461538,83.5333333333333,73.5
"236","JackHenry12607","JHenryGEE","Geelong","KeyD","FWD","DEF",14,42,9,64,380.1,2.36779794790844,2019,42.2857142857143,48.2142857142857,44.5454545454545
"237","JackHiggins12609","JHigginsRIC","Richmond","MF","MID","FWD",6,58,14,27,366.8,3.81679389312977,2019,58.3333333333333,59.9230769230769,50
"238","JackHombsch12021","JHombschGCS","Gold Coast","KeyD","DEF","DEF",11,37,8,50,339.9,2.35363342159459,2019,36.8181818181818,40.4,37.5
"239","JackLonie12324","JLonieSTK","St Kilda","GenF","FWD","FWD",9,68,14,41,388.7,3.60174942114741,2019,68,68.5555555555556,65
"240","JackLukosius12704","JLukosiusGCS","Gold Coast","KeyF","FWD","DEF",15,57,12,68,339.9,3.53045013239188,2019,56.6666666666667,56.8333333333333,59.5833333333333
"241","JackLukosius12704","JLukosiusGCS","Gold Coast","KeyF","FWD","FWD",15,57,12,68,339.9,3.53045013239188,2019,56.6666666666667,56.8333333333333,59.5833333333333
"242","JackMacrae12166","JMacraeWBD","Western Bulldogs","Mid","MID","MID",15,120,35,68,387.6,9.02992776057791,2019,120.133333333333,120.066666666667,129.083333333333
"243","JackMadgen12665","JMadgenCOL","Collingwood","GenD","DEF","DEF",4,44,11,18,399.2,2.75551102204409,2019,44,45.625,50.3333333333333
"244","JackMartin12236","JMartinGCS","Gold Coast","MF","FWD",NA,9,81,17,41,339.9,5.0014710208885,2019,81.3333333333333,81.90625,81
"245","JackNewnes12050","JNewnesSTK","St Kilda","Mid","MID",NA,13,64,16,59,388.7,4.1162850527399,2019,64.4615384615385,76.1,61
"246","JackPetruccelle12623","JPetruccelleWCE","West Coast","GenF","MID","FWD",12,47,10,55,356.1,2.808199943836,2019,46.8333333333333,46.9166666666667,48.6666666666667
"247","JackRedden11780","JReddenWCE","West Coast","Mid","MID","MID",15,94,23,68,356.1,6.4588598708228,2019,94.4,95.9333333333333,92.6666666666667
"248","JackRiewoldt11576","JRiewoldtRIC","Richmond","KeyF","FWD","FWD",9,56,11,41,366.8,2.99890948745911,2019,56.3333333333333,69.9333333333333,59.375
"249","JackRoss12712","JRossRIC","Richmond","Mid","MID","MID",2,61,16,9,366.8,4.36205016357688,2019,61,61,61
"250","JackScrimshaw12565","JScrimshawHAW","Hawthorn","GenD","DEF","DEF",4,56,15,18,376.5,3.98406374501992,2019,56,56,57.5
"251","JackSilvagni12458","JSilvagniCAR","Carlton","GenF","FWD","FWD",12,65,14,55,347,4.03458213256484,2019,65.1666666666667,65.0833333333333,69
"252","JackSinclair12325","JSinclairSTK","St Kilda","MF","FWD","FWD",15,64,17,68,388.7,4.37355286853615,2019,64.4666666666667,70.8846153846154,62.5833333333333
"253","JacksonHately12715","JHatelyGWS","Greater Western Sydney","Mid","MID","MID",5,62,14,23,377.9,3.70468377877745,2019,61.8,61.9,61.8
"254","JacksonNelson12328","JNelsonWCE","West Coast","GenD","DEF","DEF",11,48,12,50,356.1,3.3698399326032,2019,48.2727272727273,48.1363636363636,51
"255","JacksonThurlow12185","JThurlowSYD","Sydney","GenD","MID","DEF",2,39,8,9,371.7,2.15227333871402,2019,39,52.75,39
"256","JacksonTrengove11812","JTrengoveWBD","Western Bulldogs","KeyD","FWD","DEF",12,50,11,55,387.6,2.83797729618163,2019,49.75,60.7666666666667,53
"257","JackSteele12368","JSteeleSTK","St Kilda","Mid","MID","MID",13,99,21,59,388.7,5.40262413172112,2019,98.6923076923077,98.8461538461538,98.1
"258","JackSteven11791","JStevenSTK","St Kilda","Mid","MID",NA,5,73,18,23,388.7,4.63082068433239,2019,73.2,85.5666666666667,69
"259","JackViney12147","JVineyMEL","Melbourne","Mid","MID","MID",15,83,22,68,386.2,5.69653029518384,2019,82.8666666666667,89.5,83.6666666666667
"260","JackWatts11765","JWattsPOR","Port Adelaide","GenF","FWD","DEF",2,80,20,9,375.5,5.32623169107856,2019,79.5,79.75,67
"261","JackZiebell11724","JZiebellNME","North Melbourne","MF","MID","FWD",15,89,20,68,367.9,5.43625985322098,2019,89.3333333333333,91.625,94.25
"262","JacobAllison12570","JAllisonBRI","Brisbane Lions","GenD","MID","MID",2,44,12,9,373.5,3.21285140562249,2019,43.5,57,43.5
"263","JacobDawson12648","JDawsonGCS","Gold Coast","Mid","MID","DEF",6,73,17,27,339.9,5.0014710208885,2019,72.6666666666667,72.8333333333333,72.6666666666667
"264","JacobHeron12634","JHeronGCS","Gold Coast","GenD","DEF","FWD",5,45,11,23,339.9,3.23624595469256,2019,45.4,45.2,45.4
"265","JacobHopper12440","JHopperGWS","Greater Western Sydney","Mid","MID","MID",12,98,27,55,377.9,7.14474728764223,2019,98.3333333333333,98.1666666666667,97.3333333333333
"266","JacobTownsend12023","JTownsendRIC","Richmond","GenF","FWD",NA,1,17,3,5,366.8,0.817884405670665,2019,17,56,17
"267","JacobWeitering12402","JWeiteringCAR","Carlton","KeyD","DEF","DEF",13,56,12,59,347,3.45821325648415,2019,56.3076923076923,58.3,56.6
"268","JadeGresham12415","JGreshamSTK","St Kilda","MF","MID","FWD",12,90,23,55,388.7,5.91715976331361,2019,89.8333333333333,89.9166666666667,91.4444444444444
"269","JaegerOMeara12141","JOMearaHAW","Hawthorn",NA,NA,NA,15,97,25,68,376.5,6.64010624169987,2019,97.2666666666667,98.0357142857143,98.75
"270","JaidynStephenson12587","JStephensonCOL","Collingwood","MF","MID","FWD",5,82,15,23,399.2,3.75751503006012,2019,82.2,82.1,100
"271","JakeCarlisle11871","JCarlisleSTK","St Kilda","KeyD","DEF","DEF",10,53,12,45,388.7,3.08721378955493,2019,52.8,64.8181818181818,52.8
"272","JakeKelly12335","JKellyADE","Adelaide","GenD","DEF","DEF",15,66,16,68,383,4.17754569190601,2019,65.9333333333333,65.9666666666667,61.5
"273","JakeKolodjashnij12370","JKolodjashnijGEE","Geelong","GenD","DEF","DEF",13,47,11,59,380.1,2.89397526966588,2019,47.3076923076923,52.8461538461538,47.9
"274","JakeLever12351","JLeverMEL","Melbourne","KeyD","DEF","DEF",8,60,15,36,386.2,3.88399792853444,2019,59.875,66.4545454545455,59.875
"275","JakeLloyd12268","JLloydSYD","Sydney","GenD","DEF","DEF",15,108,31,68,371.7,8.34005918751681,2019,107.533333333333,107.766666666667,104.416666666667
"276","JakeMelksham11820","JMelkshamMEL","Melbourne","MF","Mid","FWD",6,69,14,27,386.2,3.62506473329881,2019,69,71.8,66.6
"277","JakeStein12735","JSteinGWS","Greater Western Sydney","KeyD","DEF","DEF",10,46,8,45,377.9,2.1169621593014,2019,46.4,46.2,46.4
"278","JakeStringer12167","JStringerESS","Essendon","MF","FWD","FWD",11,60,12,50,381.6,3.14465408805031,2019,60.2727272727273,65.8846153846154,63
"279","JakeWaterman12601","JWatermanWCE","West Coast","KeyF","FWD","FWD",10,61,12,45,356.1,3.3698399326032,2019,61.1,61.05,60.2857142857143
"280","JamesAish12250","JAishCOL","Collingwood","Mid","MID",NA,9,74,19,41,399.2,4.75951903807615,2019,74.4444444444444,74.2222222222222,78
"281","JamesBell12753","JBellSYD","Sydney","Mid","MID","FWD",2,37,7,9,371.7,1.88323917137476,2019,37,37,37
"282","JamesCousins12539","JCousinsHAW","Hawthorn","Mid","MID","MID",6,76,18,27,376.5,4.7808764940239,2019,75.5,75.75,73.6666666666667
"283","JamesFrawley11575","JFrawleyHAW","Hawthorn","KeyD","DEF","DEF",15,50,12,68,376.5,3.18725099601594,2019,49.7333333333333,52.75,52.75
"284","JamesHarmes12379","JHarmesMEL","Melbourne","Mid","MID","MID",15,93,25,68,386.2,6.47332988089073,2019,92.6,92.8,93.1666666666667
"285","JamesParsons12513","JParsonsGEE","Geelong","GenF","MID","MID",4,66,16,18,380.1,4.20941857405946,2019,65.5,65.75,64.5
"286","JamesRose12389","JRoseSYD","Sydney","GenF","FWD",NA,5,56,13,23,371.7,3.49744417541028,2019,55.8,55.9,55.8
"287","JamesRowbottom12714","JRowbottomSYD","Sydney","Mid","MID","FWD",9,70,15,41,371.7,4.03551251008878,2019,70.4444444444444,70.2222222222222,70.4444444444444
"288","JamesSicily12332","JSicilyHAW","Hawthorn","GenD","DEF","DEF",15,78,20,68,376.5,5.31208499335989,2019,77.9333333333333,85.6111111111111,72.25
"289","JamesWorpel12619","JWorpelHAW","Hawthorn","Mid","MID","MID",15,101,28,68,376.5,7.43691899070385,2019,101.333333333333,101.166666666667,102.416666666667
"290","JamieCripps11937","JCrippsWCE","West Coast","GenF","FWD","FWD",10,63,12,45,356.1,3.3698399326032,2019,63,72.7,57.875
"291","JamieElliott12083","JElliottCOL","Collingwood","GenF","FWD","FWD",9,69,11,41,399.2,2.75551102204409,2019,68.6666666666667,73.5,67.375
"292","JamieMacmillan11862","JMacmillanNME","North Melbourne",NA,NA,"DEF",11,68,19,50,367.9,5.16444686055993,2019,68.1818181818182,72,69.75
"293","JaredPolec11927","JPolecNME","North Melbourne","Mid","MID","MID",15,90,24,68,367.9,6.52351182386518,2019,90.2666666666667,90.1333333333333,91.6666666666667
"294","JarmanImpey12237","JImpeyHAW","Hawthorn","GenD","FWD","DEF",10,67,16,45,376.5,4.24966799468791,2019,67.2,68.1,66.7142857142857
"295","JarradMcVeigh3950","JMcVeighSYD","Sydney","GenD","DEF",NA,5,57,17,23,371.7,4.57358084476729,2019,56.6,68.9444444444444,58.3333333333333
"296","JarrodBerry12519","JBerryBRI","Brisbane Lions","Mid","MID","MID",11,79,19,50,373.5,5.08701472556894,2019,79,80.3571428571429,78.1
"297","JarrodBrander12646","JBranderWCE","West Coast","KeyF","FWD","FWD",1,48,8,5,356.1,2.2465599550688,2019,48,48,41
"298","JarrodBrander12646","JBranderWCE","West Coast","KeyF","FWD","DEF",1,48,8,5,356.1,2.2465599550688,2019,48,48,42
"299","JarrodCameron12736","JCameronWCE","West Coast","MF","MID","FWD",7,51,8,32,356.1,2.2465599550688,2019,50.5714285714286,50.7857142857143,50.5714285714286
"300","JarrodGarlett5488","JGarlettCAR","Carlton","GenF","FWD",NA,2,48,11,9,347,3.1700288184438,2019,48,51.3,45
"301","JarrodHarbrow11555","JHarbrowGCS","Gold Coast","GenD","DEF","DEF",14,69,19,64,339.9,5.58987937628714,2019,69.3571428571429,75.3333333333333,72.4166666666667
"302","JarrodLienert12659","JLienertPOR","Port Adelaide","GenD","DEF","DEF",3,85,24,14,375.5,6.39147802929427,2019,85.3333333333333,85.1666666666667,54
"303","JarrodWitts12177","JWittsGCS","Gold Coast","Ruck","RU","RUC",15,106,15,68,339.9,4.41306266548985,2019,106,106,106.166666666667
"304","JarrydLyons12067","JLyonsBRI","Brisbane Lions","Mid","MID","MID",15,106,25,68,373.5,6.69344042838019,2019,106.066666666667,106.033333333333,107.583333333333
"305","JarrydRoughead4078","JRougheadHAW","Hawthorn","KeyF","FWD",NA,4,67,12,18,376.5,3.18725099601594,2019,66.75,77.4,69
"306","JarrynGeary11630","JGearySTK","St Kilda","GenD","DEF","DEF",3,56,17,14,388.7,4.37355286853615,2019,56.3333333333333,66.3846153846154,69
"307","JasonCarter12749","JCarterFRE","Fremantle","GenD","DEF","DEF",2,38,9,9,363.1,2.478656017626,2019,38.5,38.25,38.5
"308","JasonCastagna12431","JCastagnaRIC","Richmond","GenF","FWD","FWD",14,73,16,64,366.8,4.36205016357688,2019,72.7142857142857,72.8571428571429,73.5833333333333
"309","JasonJohannisen12122","JJohannisenWBD","Western Bulldogs","GenD","DEF","DEF",13,81,22,59,387.6,5.67595459236326,2019,80.6153846153846,80.8076923076923,78.8181818181818
"310","JasperPittard11885","JPittardNME","North Melbourne","GenD","DEF","DEF",15,65,17,68,367.9,4.62082087523784,2019,65.2,69.75,64.25
"311","JaydenHunt4729","JHuntMEL","Melbourne","GenF","DEF","FWD",14,50,11,64,386.2,2.84826514759192,2019,50.2142857142857,60.5,49.7272727272727
"312","JaydenLaverde12377","JLaverdeESS","Essendon","GenD","FWD","FWD",9,59,12,41,381.6,3.14465408805031,2019,58.5555555555556,63,55.4285714285714
"313","JaydenShort12418","JShortRIC","Richmond","GenD","DEF","DEF",11,77,20,50,366.8,5.4525627044711,2019,76.5454545454545,78.5333333333333,75.9
"314","JayKennedy-Harris12245","JKennedy-HarrisMEL","Melbourne",NA,NA,NA,5,66,17,23,386.2,4.4018643190057,2019,65.6,71.6666666666667,59.25
"315","JayLockhart12706","JLockhartMEL","Melbourne","GenD","DEF","FWD",7,47,11,32,386.2,2.84826514759192,2019,47,47,47.6666666666667
"316","JedAnderson12154","JAndersonNME","North Melbourne","Mid","MID","MID",11,76,19,50,367.9,5.16444686055993,2019,76.1818181818182,76.0909090909091,76.5555555555556
"317","JedBews12278","JBewsGEE","Geelong","GenF","DEF","DEF",9,50,11,41,380.1,2.89397526966588,2019,50.4444444444444,50.2222222222222,50.4444444444444
"318","JeffGarlett11711","JGarlettMEL","Melbourne","GenF","FWD",NA,3,55,8,14,386.2,2.07146556188503,2019,55,60.4285714285714,52
"319","JeremyCameron12017","JCameronGWS","Greater Western Sydney","KeyF","FWD","FWD",13,83,15,59,377.9,3.96930404869013,2019,83.3846153846154,83.4545454545455,81.5
"320","JeremyFinlayson12553","JFinlaysonGWS","Greater Western Sydney","KeyF","DEF","FWD",12,68,13,55,377.9,3.44006350886478,2019,67.5,67.75,62
"321","JeremyHowe11967","JHoweCOL","Collingwood","GenD","DEF","DEF",12,73,17,55,399.2,4.25851703406814,2019,73.3333333333333,81.1071428571429,74.6666666666667
"322","JeremyMcGovern12273","JMcGovernWCE","West Coast","KeyD","DEF","DEF",14,67,15,64,356.1,4.212299915754,2019,66.7857142857143,74.2333333333333,68.4545454545455
"323","JesseHogan12321","JHoganFRE","Fremantle","KeyF","FWD","FWD",5,55,14,23,363.1,3.85568713852933,2019,55.2,71.8076923076923,61
"324","JesseJoyce12449","JJoyceGCS","Gold Coast","Mid","MID","DEF",10,65,16,45,339.9,4.70726684318917,2019,64.6,64.8,63.375
"325","JimmyWebster12188","JWebsterSTK","St Kilda","GenD","DEF","DEF",2,58,20,9,388.7,5.14535631592488,2019,58.5,66.75,57
"326","JoelGarner12725","JGarnerPOR","Port Adelaide","GenD","DEF","DEF",3,43,12,14,375.5,3.19573901464714,2019,43.3333333333333,43.1666666666667,43.3333333333333
"327","JoelHamling12359","JHamlingFRE","Fremantle","KeyD","DEF","DEF",15,48,11,68,363.1,3.02946846598733,2019,48.4666666666667,55.1818181818182,53.4166666666667
"328","JoelSelwood11538","JSelwoodGEE","Geelong","Mid","MID","MID",15,79,20,68,380.1,5.26177321757432,2019,78.5333333333333,89.2333333333333,78.1666666666667
"329","JohnNoble12743","JNobleCOL","Collingwood","Mid","MID","DEF",3,68,19,14,399.2,4.75951903807615,2019,67.6666666666667,67.8333333333333,67.6666666666667
"330","JonathonCeglar12210","JCeglarHAW","Hawthorn","Ruck","RU","FWD",11,75,13,50,376.5,3.45285524568393,2019,74.6363636363636,74.8181818181818,79.125
"331","JonathonCeglar12210","JCeglarHAW","Hawthorn","Ruck","RU","RUC",11,75,13,50,376.5,3.45285524568393,2019,74.6363636363636,74.8181818181818,79.125
"332","JonathonMarsh12386","JMarshSTK","St Kilda","KeyD","DEF","DEF",3,35,8,14,388.7,2.05814252636995,2019,34.6666666666667,34.8333333333333,27.5
"333","JordanClark12688","JClarkGEE","Geelong","GenD","DEF","MID",12,69,16,55,380.1,4.20941857405946,2019,68.75,68.875,67.1111111111111
"334","JordanDawson12516","JDawsonSYD","Sydney","GenD","FWD","DEF",13,79,19,59,371.7,5.11164917944579,2019,79.0769230769231,79.0384615384615,84.4
"335","JordanDawson12516","JDawsonSYD","Sydney","GenD","FWD","FWD",13,79,19,59,371.7,5.11164917944579,2019,79.0769230769231,79.0384615384615,84.4
"336","Jordande Goey12318","Jde GoeyCOL","Collingwood",NA,NA,NA,10,78,17,45,399.2,4.25851703406814,2019,78.3,81.3181818181818,81.125
"337","JordanGallucci12534","JGallucciADE","Adelaide","MF","MID","FWD",6,57,12,27,383,3.1331592689295,2019,56.6666666666667,56.9090909090909,54.25
"338","JordanLewis4077","JLewisMEL","Melbourne","GenD","MID",NA,8,66,16,36,386.2,4.14293112377007,2019,66.5,77.1666666666667,66.5
"339","JordanMurdoch12099","JMurdochGCS","Gold Coast","GenD","MID","DEF",7,57,13,32,339.9,3.8246543100912,2019,56.7142857142857,66.6,59.5
"340","JordanRidley12631","JRidleyESS","Essendon","GenD","DEF","DEF",1,57,14,5,381.6,3.66876310272537,2019,57,57,33
"341","JordanRoughead11833","JRougheadCOL","Collingwood","KeyD","RU","DEF",15,59,13,68,399.2,3.2565130260521,2019,59.4666666666667,63.7692307692308,61.25
"342","JoshBattle12558","JBattleSTK","St Kilda","GenD","FWD","DEF",12,65,14,55,388.7,3.60174942114741,2019,65.4166666666667,65.2083333333333,64.6666666666667
"343","JoshBegley12574","JBegleyESS","Essendon","GenF","FWD","FWD",7,51,12,32,381.6,3.14465408805031,2019,51.4285714285714,54.25,51.6
"344","JoshBruce12065","JBruceSTK","St Kilda","KeyF","FWD",NA,15,65,13,68,388.7,3.34448160535117,2019,64.6666666666667,67.3214285714286,63.6666666666667
"345","JoshCaddy12010","JCaddyRIC","Richmond","MF","FWD","FWD",9,69,17,41,366.8,4.63467829880044,2019,69.4444444444444,73.0666666666667,65.4285714285714
"346","JoshCorbett12719","JCorbettGCS","Gold Coast","GenD","FWD","FWD",5,34,7,23,339.9,2.05942924389526,2019,34,34,29.3333333333333
"347","JoshDaicos12573","JDaicosCOL","Collingwood","GenF","FWD","MID",5,63,17,23,399.2,4.25851703406814,2019,63.2,65.65,63.2
"348","JoshDeluca12548","JDelucaCAR","Carlton","GenF","MID",NA,6,53,12,27,347,3.45821325648415,2019,52.8333333333333,52.9166666666667,52.8333333333333
"349","JoshDunkley12408","JDunkleyWBD","Western Bulldogs","Mid","FWD","MID",15,119,31,68,387.6,7.99793601651187,2019,118.533333333333,118.766666666667,121.75
"350","JoshJenkins12074","JJenkinsADE","Adelaide","KeyF","FWD",NA,9,79,13,41,383,3.39425587467363,2019,79.1111111111111,81.7,79.2857142857143
"351","JoshKelly12255","JKellyGWS","Greater Western Sydney","KeyD","MID","MID",8,119,30,36,377.9,7.93860809738026,2019,119.375,119.1875,113.333333333333
"352","JoshKennedy11672","JKennedySYD","Sydney","Mid","MID",NA,13,97,26,59,371.7,6.99488835082056,2019,96.8461538461538,98.8333333333333,99.6363636363636
"353","JoshKennedy4169","JKennedyWCE","West Coast","KeyF","FWD",NA,13,51,8,59,356.1,2.2465599550688,2019,51.3076923076923,65.75,48.5454545454545
"354","JoshRotham12709","JRothamWCE","West Coast","KeyD","DEF","DEF",2,53,12,9,356.1,3.3698399326032,2019,53,53,53
"355","JoshSchache12416","JSchacheWBD","Western Bulldogs","KeyF","FWD","FWD",11,61,11,50,387.6,2.83797729618163,2019,60.9090909090909,60.9545454545455,63.2
"356","JoshSchoenfeld12466","JSchoenfeldGCS","Gold Coast","Mid","MID","FWD",1,31,10,5,339.9,2.94204177699323,2019,31,43.6666666666667,59
"357","JoshSmith12427","JSmithWCE","West Coast","Mid","MID",NA,2,46,12,9,356.1,3.3698399326032,2019,46.5,61.7142857142857,46.5
"358","JoshThomas12144","JThomasCOL","Collingwood","GenF","FWD","FWD",13,59,15,59,399.2,3.75751503006012,2019,59.2307692307692,64.0333333333333,62.9
"359","JoshWagner12424","JWagnerMEL","Melbourne","GenF","DEF","DEF",6,62,17,27,386.2,4.4018643190057,2019,62,62,56.5
"360","JoshWalker12109","JWalkerBRI","Brisbane Lions","KeyD","FWD",NA,5,47,11,23,373.5,2.94511378848728,2019,46.8,57.0833333333333,41.6666666666667
"361","JustinWesthoff11579","JWesthoffPOR","Port Adelaide","GenF","FWD","FWD",13,82,18,59,375.5,4.79360852197071,2019,82.0769230769231,93.2666666666667,78.4
"362","JyeCaldwell12755","JCaldwellGWS","Greater Western Sydney","Mid","MID","MID",2,55,12,9,377.9,3.1754432389521,2019,55,55,55
"363","JySimpkin12502","JSimpkinNME","North Melbourne","MF","FWD","FWD",15,64,18,68,367.9,4.89263386789889,2019,63.5333333333333,63.7666666666667,65
"364","KadeChandler12756","KChandlerMEL","Melbourne","Mid","MID","FWD",1,60,7,5,386.2,1.8125323666494,2019,60,60,60
"365","KadeKolodjashnij12256","KKolodjashnijMEL","Melbourne","GenD","DEF","MID",1,36,5,5,386.2,1.29466597617815,2019,36,61.6666666666667,36
"366","KadeSimpson1456","KSimpsonCAR","Carlton","GenD","DEF","DEF",14,83,22,64,347,6.34005763688761,2019,83,90.75,82.25
"367","KaidenBrand12435","KBrandHAW","Hawthorn","KeyD","DEF",NA,2,48,12,9,376.5,3.18725099601594,2019,47.5,54.3461538461538,47.5
"368","KamdynMcIntosh12317","KMcIntoshRIC","Richmond",NA,NA,"MID",9,56,13,41,366.8,3.54416575790622,2019,56.3333333333333,60.1428571428571,55.8333333333333
"369","KaneFarrell12664","KFarrellPOR","Port Adelaide","GenF","FWD","FWD",5,39,7,23,375.5,1.8641810918775,2019,39.4,44.2,40.6666666666667
"370","KaneLambert12333","KLambertRIC","Richmond","MF","MID","FWD",11,83,21,50,366.8,5.72519083969466,2019,82.8181818181818,85.6785714285714,79.9
"371","KarlAmon12357","KAmonPOR","Port Adelaide","Mid","MID","MID",14,77,20,64,375.5,5.32623169107856,2019,77.4285714285714,77.2142857142857,74.5454545454545
"372","KayneTurner12304","KTurnerNME","North Melbourne","MF","FWD","FWD",14,55,12,64,367.9,3.26175591193259,2019,54.7142857142857,56.125,55.0909090909091
"373","KierenJack11546","KJackSYD","Sydney","Mid","MID",NA,4,47,10,18,371.7,2.69034167339252,2019,47,62.6785714285714,47
"374","KyleDunkley12742","KDunkleyMEL","Melbourne","Mid","MID","FWD",5,49,10,23,386.2,2.58933195235629,2019,49,49,49
"375","KyleHartigan6623","KHartiganADE","Adelaide","KeyD","DEF","DEF",12,46,11,55,383,2.87206266318538,2019,45.5,50.3888888888889,45.0909090909091
"376","KyleLangford12349","KLangfordESS","Essendon","GenF","FWD","FWD",15,70,17,68,381.6,4.45492662473795,2019,69.8,74.9333333333333,66.75
"377","KyronHayden12739","KHaydenNME","North Melbourne","Mid","MID","MID",1,27,4,5,367.9,1.0872519706442,2019,27,27,27
"378","LachieFogarty12596","LFogartyGEE","Geelong","Mid","MID","MID",2,49,10,9,380.1,2.63088660878716,2019,49,50.45,49
"379","LachieHenderson11637","LHendersonGEE","Geelong","KeyD","DEF","DEF",4,55,14,18,380.1,3.68324125230203,2019,55.25,65,55.25
"380","LachieHunter12203","LHunterWBD","Western Bulldogs","Mid","MID","MID",15,99,27,68,387.6,6.96594427244582,2019,99.0666666666667,102.433333333333,101.166666666667
"381","LachieNeale12055","LNealeBRI","Brisbane Lions","Mid","MID","MID",15,103,30,68,373.5,8.03212851405623,2019,103.466666666667,103.233333333333,107.5
"382","LachiePlowman12142","LPlowmanCAR","Carlton","KeyD","DEF","DEF",15,59,14,68,347,4.03458213256484,2019,59.4,59.2,58.8333333333333
"383","LachieSchultz12700","LSchultzFRE","Fremantle","GenF","FWD","FWD",6,49,12,27,363.1,3.304874690168,2019,49,49,42.2
"384","LachieWeller12385","LWellerGCS","Gold Coast","Mid","DEF","DEF",14,81,22,64,339.9,6.47249190938511,2019,80.8571428571429,80.9285714285714,83
"385","LachieWhitfield12143","LWhitfieldGWS","Greater Western Sydney","GenD","MID","FWD",11,109,28,50,377.9,7.40936755755491,2019,109,109,112
"386","LachieYoung12717","LYoungWBD","Western Bulldogs","KeyD","DEF","DEF",2,48,10,9,387.6,2.57997936016512,2019,48,48,64
"387","LachlanKeeffe11991","LKeeffeGWS","Greater Western Sydney","KeyD","DEF","DEF",9,44,8,41,377.9,2.1169621593014,2019,43.7777777777778,43.8888888888889,39.5714285714286
"388","LachlanKeeffe11991","LKeeffeGWS","Greater Western Sydney","KeyD","DEF","FWD",9,44,8,41,377.9,2.1169621593014,2019,43.7777777777778,43.8888888888889,39.5714285714286
"389","LachlanMurphy12585","LMurphyADE","Adelaide","GenF","FWD","FWD",14,50,10,64,383,2.61096605744125,2019,50.4285714285714,50.2142857142857,53.6363636363636
"390","LanceFranklin4065","LFranklinSYD","Sydney","KeyF","FWD","FWD",7,68,11,32,371.7,2.95937584073177,2019,68.4285714285714,83.0333333333333,83.25
"391","LeviCasboult12114","LCasboultCAR","Carlton","KeyD","FWD","FWD",13,71,12,59,347,3.45821325648415,2019,70.8461538461538,70.9230769230769,72.2727272727273
"392","LeviCasboult12114","LCasboultCAR","Carlton","KeyD","FWD","DEF",13,71,12,59,347,3.45821325648415,2019,70.8461538461538,70.9230769230769,72.2727272727273
"393","LeviGreenwood11745","LGreenwoodCOL","Collingwood","Mid","MID","DEF",11,65,16,50,399.2,4.00801603206413,2019,65,67.0555555555556,62.2222222222222
"394","LewisJetta11804","LJettaWCE","West Coast","Mid","MID","DEF",14,62,17,64,356.1,4.7739399045212,2019,61.9285714285714,65.2916666666667,61.6666666666667
"395","LewisMelican12526","LMelicanSYD","Sydney","KeyD","DEF","DEF",13,48,11,59,371.7,2.95937584073177,2019,47.6923076923077,49,48.3
"396","LewisPierce12451","LPierceSTK","St Kilda","Ruck","RU",NA,1,47,6,5,388.7,1.54360689477746,2019,47,51.3333333333333,40
"397","LewisTaylor12252","LTaylorBRI","Brisbane Lions","MF","FWD",NA,3,78,19,14,373.5,5.08701472556894,2019,78,78.3333333333333,72
"398","LewisYoung12559","LYoungWBD","Western Bulldogs","KeyD","DEF","DEF",6,57,13,27,387.6,3.35397316821465,2019,57.3333333333333,57.1666666666667,57.3333333333333
"399","LiamBaker12661","LBakerRIC","Richmond","GenF","FWD","DEF",10,66,17,45,366.8,4.63467829880044,2019,66.1,66.05,57.375
"400","LiamBaker12661","LBakerRIC","Richmond","GenF","FWD","FWD",10,66,17,45,366.8,4.63467829880044,2019,66.1,66.05,57.375
"401","LiamDuggan12334","LDugganWCE","West Coast","GenD","MID","DEF",9,64,15,41,356.1,4.212299915754,2019,63.6666666666667,67.3846153846154,66.6666666666667
"402","LiamJones11866","LJonesCAR","Carlton","KeyD","DEF","DEF",8,44,9,36,347,2.59365994236311,2019,43.5,49,42.7142857142857
"403","LiamRyan12600","LRyanWCE","West Coast","GenF","FWD","FWD",15,55,12,68,356.1,3.3698399326032,2019,55.0666666666667,55.0333333333333,55.8333333333333
"404","LiamShiels11760","LShielsHAW","Hawthorn","Mid","MID","MID",15,92,23,68,376.5,6.10889774236388,2019,91.7333333333333,94.5666666666667,92.5833333333333
"405","LiamStocker12721","LStockerCAR","Carlton","Mid","MID","DEF",2,42,12,9,347,3.45821325648415,2019,42,42,24
"406","LincolnMcCarthy12090","LMcCarthyBRI","Brisbane Lions","GenF","FWD","FWD",15,64,13,68,373.5,3.4805890227577,2019,63.8666666666667,63.9333333333333,65.4166666666667
"407","LochieOBrien12611","LOBrienCAR","Carlton",NA,NA,NA,11,57,14,50,347,4.03458213256484,2019,57.1818181818182,57.0909090909091,57.1818181818182
"408","LukeBreust11954","LBreustHAW","Hawthorn","GenF","FWD","FWD",15,64,14,68,376.5,3.71845949535193,2019,64.4666666666667,73.3666666666667,65.5
"409","LukeBrown12106","LBrownADE","Adelaide","GenD","DEF","DEF",13,60,15,59,383,3.91644908616188,2019,59.6923076923077,59.8461538461538,60.7272727272727
"410","LukeDahlhaus11974","LDahlhausGEE","Geelong","MF","MID","FWD",14,78,18,64,380.1,4.73559589581689,2019,78.2142857142857,80.7666666666667,75.2727272727273
"411","LukeDavies-Uniacke12590","LDavies-UniackeNME","North Melbourne",NA,NA,"FWD",10,54,15,45,367.9,4.07719488991574,2019,54,54,53
"412","LukeDunstan12247","LDunstanSTK","St Kilda","Mid","MID","MID",15,84,22,68,388.7,5.65989194751737,2019,83.8666666666667,89.3181818181818,84.9166666666667
"413","LukeHodge1134","LHodgeBRI","Brisbane Lions","GenD","DEF",NA,14,68,16,64,373.5,4.28380187416332,2019,68.2857142857143,74.6666666666667,68.5454545454545
"414","LukeMcDonald12246","LMcDonaldNME","North Melbourne","GenD","MID","DEF",9,63,16,41,367.9,4.34900788257679,2019,62.5555555555556,75.3,64.3333333333333
"415","LukeParker11953","LParkerSYD","Sydney","MF","MID","MID",15,100,25,68,371.7,6.7258541834813,2019,99.9333333333333,100.666666666667,98.5833333333333
"416","LukeRyan12542","LRyanFRE","Fremantle","GenD","DEF","DEF",11,74,18,50,363.1,4.957312035252,2019,73.7272727272727,74.8076923076923,71.125
"417","LukeShuey11805","LShueyWCE","West Coast","Mid","MID","MID",15,103,27,68,356.1,7.5821398483572,2019,102.933333333333,102.966666666667,101.5
"418","MabiorChol12485","MCholRIC","Richmond","KeyF","RU","RUC",9,55,8,41,366.8,2.18102508178844,2019,54.7777777777778,54.8888888888889,54.7777777777778
"419","MabiorChol12485","MCholRIC","Richmond","KeyF","RU","FWD",9,55,8,41,366.8,2.18102508178844,2019,54.7777777777778,54.8888888888889,54.7777777777778
"420","MarcMurphy4148","MMurphyCAR","Carlton","Mid","MID","MID",12,102,27,55,347,7.78097982708934,2019,101.916666666667,105.866666666667,102.363636363636
"421","MarcPittonet12417","MPittonetHAW","Hawthorn","Ruck","RU",NA,2,54,10,9,376.5,2.65604249667995,2019,54.5,54.25,59
"422","MarcusAdams12409","MAdamsBRI","Brisbane Lions","KeyD","DEF","DEF",8,49,11,36,373.5,2.94511378848728,2019,49.375,61.8333333333333,49.375
"423","MarcusBontempelli12269","MBontempelliWBD","Western Bulldogs","Mid","MID","MID",15,107,27,68,387.6,6.96594427244582,2019,106.6,106.8,106.166666666667
"424","MarkBaguley12107","MBaguleyESS","Essendon","GenD","DEF",NA,4,50,8,18,381.6,2.09643605870021,2019,49.5,58.5357142857143,47
"425","MarkBlicavs12153","MBlicavsGEE","Geelong","GenD","MID","DEF",15,70,14,68,380.1,3.68324125230203,2019,69.6,77.9,71.9166666666667
"426","MarkHutchings12187","MHutchingsWCE","West Coast","Mid","MID","MID",9,49,12,41,356.1,3.3698399326032,2019,49,60.6666666666667,43
"427","MarkOConnor12531","MOConnorGEE","Geelong",NA,NA,NA,13,58,13,59,380.1,3.42015259142331,2019,57.6153846153846,57.8076923076923,59.6
"428","MarleyWilliams12084","MWilliamsNME","North Melbourne","GenD","DEF","DEF",15,56,17,68,367.9,4.62082087523784,2019,55.5333333333333,57.2333333333333,54.1666666666667
"429","MartinGleeson12240","MGleesonESS","Essendon","GenD","DEF","DEF",9,58,17,41,381.6,4.45492662473795,2019,58,62.0357142857143,58
"430","MartyHore12694","MHoreMEL","Melbourne","GenD","DEF","DEF",8,48,13,36,386.2,3.36613153806318,2019,48,48,44.6666666666667
"431","MasonCox12428","MCoxCOL","Collingwood","KeyF","RU","FWD",10,50,9,45,399.2,2.25450901803607,2019,50.5,59.3333333333333,50
"432","MasonRedman12437","MRedmanESS","Essendon","GenD","DEF","DEF",13,70,18,59,381.6,4.71698113207547,2019,69.6153846153846,75.75,71.6363636363636
"433","MasonWood12312","MWoodNME","North Melbourne","KeyF","FWD","FWD",12,60,12,55,367.9,3.26175591193259,2019,59.6666666666667,62.3,56.1111111111111
"434","MattBuntine12082","MBuntineGWS","Greater Western Sydney","GenD","DEF","FWD",3,59,12,14,377.9,3.1754432389521,2019,59,59,59
"435","MattBuntine12082","MBuntineGWS","Greater Western Sydney","GenD","DEF","DEF",3,59,12,14,377.9,3.1754432389521,2019,59,59,59
"436","MattCrouch12258","MCrouchADE","Adelaide","Mid","MID","MID",13,110,33,59,383,8.61618798955614,2019,109.692307692308,109.846153846154,107.833333333333
"437","MattGuelfi12612","MGuelfiESS","Essendon","GenF","FWD","MID",11,55,13,50,381.6,3.40670859538784,2019,55.0909090909091,57.7272727272727,51.375
"438","MatthewBroadbent11782","MBroadbentPOR","Port Adelaide","GenD","DEF",NA,8,74,19,36,375.5,5.05992010652463,2019,74.5,74.25,72.6666666666667
"439","Matthewde Boer11746","Mde BoerGWS","Greater Western Sydney",NA,NA,NA,8,67,16,36,377.9,4.23392431860281,2019,67.25,75.3571428571429,64.4
"440","MatthewKennedy12455","MKennedyCAR","Carlton","Mid","MID","FWD",10,49,11,45,347,3.1700288184438,2019,48.7,57.625,49.875
"441","MatthewKreuzer11645","MKreuzerCAR","Carlton","Ruck","RU","RUC",11,85,13,50,347,3.7463976945245,2019,85.4545454545455,95.7666666666667,82.5555555555556
"442","MatthewParker12702","MParkerSTK","St Kilda","GenF","FWD","FWD",10,60,12,45,388.7,3.08721378955493,2019,59.6,59.8,55.7142857142857
"443","MatthewTaberner12205","MTabernerFRE","Fremantle","KeyF","FWD","FWD",2,92,18,9,363.1,4.957312035252,2019,91.5,91.75,92
"444","MattScharenberg12384","MScharenbergCOL","Collingwood","KeyD","DEF","DEF",7,52,15,32,399.2,3.75751503006012,2019,51.5714285714286,64.9,51.5714285714286
"445","MattSuckling11718","MSucklingWBD","Western Bulldogs","GenD","DEF","DEF",14,86,21,64,387.6,5.41795665634675,2019,85.5714285714286,85.7857142857143,87.2727272727273
"446","MaverickWeller11922","MWellerRIC","Richmond","MF","FWD",NA,2,54,16,9,366.8,4.36205016357688,2019,54.5,58.125,49
"447","MaxGawn11966","MGawnMEL","Melbourne","Ruck","RU","RUC",14,111,18,64,386.2,4.66079751424133,2019,111.357142857143,111.178571428571,112.090909090909
"448","MichaelGibbons12685","MGibbonsCAR","Carlton","MF","MID","FWD",14,66,16,64,347,4.61095100864553,2019,65.5714285714286,65.7857142857143,67.8181818181818
"449","MichaelHartley12419","MHartleyESS","Essendon","KeyD","DEF",NA,3,57,14,14,381.6,3.66876310272537,2019,57.3333333333333,57.1666666666667,57.3333333333333
"450","MichaelHibberd11938","MHibberdMEL","Melbourne","GenD","DEF","DEF",13,62,18,59,386.2,4.66079751424133,2019,62.4615384615385,77.1153846153846,61.6363636363636
"451","MichaelHurley11715","MHurleyESS","Essendon","KeyD","DEF","DEF",11,74,18,50,381.6,4.71698113207547,2019,74.4545454545455,84.4230769230769,73.25
"452","MichaelRischitelli4047","MRischitelliGCS","Gold Coast","Mid","MID",NA,7,46,10,32,339.9,2.94204177699323,2019,46.1428571428571,49.25,46.1428571428571
"453","MichaelWalters11763","MWaltersFRE","Fremantle","Mid","MID","FWD",15,94,22,68,363.1,6.05893693197466,2019,94.2666666666667,94.1333333333333,93.4166666666667
"454","MitchBrown11987","MBrownESS","Essendon","KeyF","DEF",NA,12,66,14,55,381.6,3.66876310272537,2019,65.5833333333333,68.2692307692308,68.0909090909091
"455","MitchCrowden12604","MCrowdenFRE","Fremantle","Mid","MID","FWD",5,56,12,23,363.1,3.304874690168,2019,56.2,56.1,56.2
"456","MitchDuncan11798","MDuncanGEE","Geelong","Mid","MID","MID",15,102,26,68,380.1,6.84030518284662,2019,101.533333333333,105.178571428571,102.333333333333
"457","MitchHannan12492","MHannanMEL","Melbourne","GenF","FWD","FWD",6,43,10,27,386.2,2.58933195235629,2019,42.6666666666667,50.1071428571429,44.2
"458","MitchHinge12727","MHingeBRI","Brisbane Lions","GenD","DEF","MID",1,68,14,5,373.5,3.7483266398929,2019,68,68,68
"459","MitchLewis12636","MLewisHAW","Hawthorn","KeyF","FWD","FWD",7,71,13,32,376.5,3.45285524568393,2019,71,71,73.1666666666667
"460","MitchMcGovern12404","MMcGovernCAR","Carlton","KeyF","FWD","FWD",10,47,9,45,347,2.59365994236311,2019,47.3,58.2727272727273,48.5
"461","MitchRobinson11710","MRobinsonBRI","Brisbane Lions","Mid","MID","MID",15,91,21,68,373.5,5.62248995983936,2019,90.6666666666667,90.8333333333333,93.9166666666667
"462","MitchWallis11934","MWallisWBD","Western Bulldogs","Mid","MID","FWD",3,82,23,14,387.6,5.93395252837977,2019,82.3333333333333,82.1666666666667,99
"463","NatFyfe11834","NFyfeFRE","Fremantle","Mid","MID","MID",14,107,29,64,363.1,7.98678050123933,2019,106.857142857143,106.928571428571,104.636363636364
"464","NathanBroad12456","NBroadRIC","Richmond","GenD","DEF","DEF",14,49,12,64,366.8,3.27153762268266,2019,48.9285714285714,54.9285714285714,52.6363636363636
"465","NathanBrown11627","NBrownSTK","St Kilda","KeyD","DEF","DEF",10,33,8,45,388.7,2.05814252636995,2019,33.1,33.05,34.25
"466","NathanHrovat12190","NHrovatNME","North Melbourne","MF","FWD",NA,4,54,16,18,367.9,4.34900788257679,2019,53.5,59.1,53.5
"467","NathanJones2447","NJonesMEL","Melbourne","Mid","MID","DEF",15,70,20,68,386.2,5.17866390471258,2019,69.8666666666667,88.0555555555556,67.8333333333333
"468","NathanVardy11955","NVardyWCE","West Coast","Ruck","RU","RUC",5,51,7,23,356.1,1.9657399606852,2019,51.4,59.4615384615385,39.5
"469","NathanWilson12024","NWilsonFRE","Fremantle","GenD","DEF","DEF",11,64,18,50,363.1,4.957312035252,2019,64.1818181818182,67.5357142857143,59
"470","NevilleJetta11723","NJettaMEL","Melbourne","GenD","DEF","DEF",5,42,10,23,386.2,2.58933195235629,2019,41.6,52.8333333333333,43
"471","NickBlakey12699","NBlakeySYD","Sydney","GenF","FWD","FWD",15,51,11,68,371.7,2.95937584073177,2019,51.1333333333333,51.0666666666667,54.3333333333333
"472","NickCoffield12608","NCoffieldSTK","St Kilda","GenD","MID","DEF",8,60,15,36,388.7,3.85901723694366,2019,59.5,59.75,62.8571428571429
"473","NickHaynes12091","NHaynesGWS","Greater Western Sydney","GenD","DEF","DEF",12,79,18,55,377.9,4.76316485842816,2019,79.25,79.125,80.7
"474","NickHind12734","NHindSTK","St Kilda","GenD","MID","FWD",11,48,11,50,388.7,2.82994597375868,2019,48.2727272727273,48.1363636363636,48.2727272727273
"475","NickHolman12307","NHolmanGCS","Gold Coast","MF","MID","FWD",5,64,13,23,339.9,3.8246543100912,2019,64,64.7666666666667,53.6666666666667
"476","NickLarkey12563","NLarkeyNME","North Melbourne","KeyF","DEF","FWD",13,52,8,59,367.9,2.17450394128839,2019,52.1538461538462,52.0769230769231,51.7272727272727
"477","NickRobertson12264","NRobertsonBRI","Brisbane Lions","GenD","DEF",NA,2,52,14,9,373.5,3.7483266398929,2019,52.5,60.8,51
"478","NickVlastuin12174","NVlastuinRIC","Richmond","GenD","DEF","DEF",15,75,19,68,366.8,5.17993456924755,2019,75,77.1666666666667,77.0833333333333
"479","NicNaitanui11768","NNaitanuiWCE","West Coast","Ruck","RU","RUC",3,73,11,14,356.1,3.0890199382196,2019,72.6666666666667,77.7777777777778,72.6666666666667
"480","NicNewman12508","NNewmanCAR","Carlton","GenD","MID","DEF",15,95,21,68,347,6.05187319884726,2019,95.2,95.1,95.0833333333333
"481","NoahAnswerth12718","NAnswerthBRI","Brisbane Lions","GenD","DEF","DEF",13,58,12,59,373.5,3.21285140562249,2019,57.8461538461538,57.9230769230769,58.5454545454545
"482","NoahBalta12686","NBaltaRIC","Richmond","KeyF","FWD","RUC",6,44,9,27,366.8,2.453653217012,2019,43.6666666666667,43.8333333333333,33.3333333333333
"483","NoahBalta12686","NBaltaRIC","Richmond","KeyF","FWD","FWD",6,44,9,27,366.8,2.453653217012,2019,43.6666666666667,43.8333333333333,33.3333333333333
"484","OlegMarkov12459","OMarkovRIC","Richmond","GenF","FWD","MID",1,37,8,5,366.8,2.18102508178844,2019,37,41,37
"485","OliverFlorent12497","OFlorentSYD","Sydney","MF","MID","MID",14,67,19,64,371.7,5.11164917944579,2019,66.7142857142857,66.8571428571429,66.3636363636364
"486","OliverHanrahan12738","OHanrahanHAW","Hawthorn","Mid","MID","FWD",9,52,13,41,376.5,3.45285524568393,2019,51.6666666666667,51.8333333333333,51.6666666666667
"487","OllieWines12150","OWinesPOR","Port Adelaide","Mid","MID","MID",7,95,25,32,375.5,6.6577896138482,2019,94.8571428571429,99.0625,94.8571428571429
"488","OrazioFantasia12302","OFantasiaESS","Essendon","MF","FWD","FWD",10,44,10,45,381.6,2.62054507337526,2019,44,62.0555555555556,44.4444444444444
"489","OscarAllen12655","OAllenWCE","West Coast","KeyF","FWD","FWD",14,60,11,64,356.1,3.0890199382196,2019,59.8571428571429,59.9285714285714,58.8181818181818
"490","OscarMcDonald12394","OMcDonaldMEL","Melbourne","GenD","DEF","DEF",7,37,9,32,386.2,2.33039875712066,2019,37,49.7666666666667,40.5
"491","OscarMcInerney12617","OMcInerneyBRI","Brisbane Lions","KeyF","RU","FWD",12,59,9,55,373.5,2.40963855421687,2019,59.3333333333333,59.1666666666667,63.8
"492","OscarMcInerney12617","OMcInerneyBRI","Brisbane Lions","KeyF","RU","RUC",12,59,9,55,373.5,2.40963855421687,2019,59.3333333333333,59.1666666666667,63.8
"493","OskarBaker12723","OBakerMEL","Melbourne","GenF","FWD","MID",8,58,14,36,386.2,3.62506473329881,2019,58,58,50.8333333333333
"494","PaddyDow12582","PDowCAR","Carlton","Mid","MID","FWD",12,51,13,55,347,3.7463976945245,2019,50.8333333333333,53.6153846153846,46.6666666666667
"495","PatrickAmbrose12239","PAmbroseESS","Essendon","GenD","DEF","DEF",12,47,10,55,381.6,2.62054507337526,2019,46.6666666666667,50.6666666666667,49.7777777777778
"496","PatrickCripps12261","PCrippsCAR","Carlton","Mid","MID","MID",13,99,28,59,347,8.06916426512968,2019,98.6153846153846,105.333333333333,103
"497","PatrickDangerfield11700","PDangerfieldGEE","Geelong","Mid","MID","MID",14,114,29,64,380.1,7.62957116548277,2019,113.714285714286,120.035714285714,115
"498","PatrickLipinski12578","PLipinskiWBD","Western Bulldogs","Mid","MID","FWD",13,85,22,59,387.6,5.67595459236326,2019,85.4615384615385,85.2307692307692,86.5454545454545
"499","PatrickNaish12733","PNaishRIC","Richmond","GenF","FWD","MID",2,74,20,9,366.8,5.4525627044711,2019,73.5,73.75,73.5
"500","PatrickRyder4144","PRyderPOR","Port Adelaide","Ruck","RU",NA,10,68,9,45,375.5,2.39680426098535,2019,67.5,79.3125,69.8571428571429
"501","PatrickWilson12645","PWilsonADE","Adelaide","Ruck","RU","MID",1,59,15,5,383,3.91644908616188,2019,59,59,59
"502","PaulAhern12642","PAhernNME","North Melbourne","Mid","MID","DEF",5,65,20,23,367.9,5.43625985322098,2019,65.2,66.7727272727273,65.2
"503","PaulPuopolo11942","PPuopoloHAW","Hawthorn","GenF","FWD","FWD",15,54,12,68,376.5,3.18725099601594,2019,54.2666666666667,60.25,53.9166666666667
"504","PaulSeedsman12035","PSeedsmanADE","Adelaide","Mid","MID","MID",12,75,20,55,383,5.22193211488251,2019,74.75,80.5,79.9
"505","PearceHanley11704","PHanleyGCS","Gold Coast","Mid","MID","DEF",11,76,20,50,339.9,5.88408355398647,2019,76.4545454545455,77.25,78.9
"506","PeterLadhams12729","PLadhamsPOR","Port Adelaide","Ruck","RU","FWD",5,66,15,23,375.5,3.99467376830892,2019,65.6,65.8,69.25
"507","PeterLadhams12729","PLadhamsPOR","Port Adelaide","Ruck","RU","RUC",5,66,15,23,375.5,3.99467376830892,2019,65.6,65.8,69.25
"508","PeterWright12366","PWrightGCS","Gold Coast","KeyF","MID","FWD",10,66,12,45,339.9,3.53045013239188,2019,66.5,66.96875,64.7142857142857
"509","PhilDavis11825","PDavisGWS","Greater Western Sydney","KeyD","DEF","DEF",14,63,14,64,377.9,3.70468377877745,2019,63.2857142857143,63.1428571428571,62.5454545454545
"510","QuintonNarkle12651","QNarkleGEE","Geelong","Mid","MID","MID",3,85,21,14,380.1,5.52486187845304,2019,84.6666666666667,84.8333333333333,84.6666666666667
"511","ReeceConca11888","RConcaFRE","Fremantle","GenD","DEF","MID",15,73,20,68,363.1,5.50812448361333,2019,72.6,74.75,72.5833333333333
"512","ReillyOBrien12473","ROBrienADE","Adelaide",NA,NA,NA,11,102,16,50,383,4.17754569190601,2019,102.181818181818,102.090909090909,106.777777777778
"513","RhyleeWest12748","RWestWBD","Western Bulldogs","Mid","MID","FWD",2,54,14,9,387.6,3.61197110423117,2019,53.5,53.75,53.5
"514","RhysMathieson12443","RMathiesonBRI","Brisbane Lions","MF","FWD","FWD",5,65,16,23,373.5,4.28380187416332,2019,65,68.4615384615385,64.6666666666667
"515","RhysStanley11847","RStanleyGEE","Geelong","Ruck","RU","RUC",10,78,14,45,380.1,3.68324125230203,2019,78,79.0454545454545,75.875
"516","RichardDouglas2381","RDouglasADE","Adelaide","Mid","MID",NA,9,60,15,41,383,3.91644908616188,2019,59.6666666666667,68.3,59.75
"517","RickyHenderson11832","RHendersonHAW","Hawthorn","Mid","FWD","MID",15,94,23,68,376.5,6.10889774236388,2019,93.9333333333333,93.9666666666667,91.1666666666667
"518","RileyBonner12483","RBonnerPOR","Port Adelaide","GenD","DEF","DEF",14,69,18,64,375.5,4.79360852197071,2019,69.4285714285714,71.5,67.25
"519","RileyKnight12375","RKnightADE","Adelaide","GenF","DEF","FWD",9,73,17,41,383,4.43864229765013,2019,73.2222222222222,73.3333333333333,72.7142857142857
"520","RoarkeSmith12390","RSmithWBD","Western Bulldogs","GenD","DEF","FWD",5,52,12,23,387.6,3.09597523219814,2019,52,52,52
"521","RobbieFox12510","RFoxSYD","Sydney","GenF","DEF","DEF",8,52,12,36,371.7,3.22841000807103,2019,52,52,53
"522","RobbieFox12510","RFoxSYD","Sydney","GenF","DEF","FWD",8,52,12,36,371.7,3.22841000807103,2019,52,52,53
"523","RobbieGray11578","RGrayPOR","Port Adelaide","MF","FWD","FWD",15,86,23,68,375.5,6.12516644474035,2019,86.4666666666667,86.2333333333333,83
"524","RobbieTarrant11859","RTarrantNME","North Melbourne","KeyD","DEF","DEF",15,61,15,68,367.9,4.07719488991574,2019,60.7333333333333,67.3214285714286,62.1666666666667
"525","RobbieYoung12726","RYoungSTK","St Kilda","GenF","FWD",NA,2,28,6,9,388.7,1.54360689477746,2019,28,28,68
"526","RoryAtkins12381","RAtkinsADE","Adelaide","Mid","MID","MID",13,83,22,59,383,5.74412532637076,2019,82.7692307692308,82.8846153846154,79.6
"527","RoryLaird12165","RLairdADE","Adelaide","GenD","DEF","DEF",15,96,28,68,383,7.31070496083551,2019,96.2,103.076923076923,94.6666666666667
"528","RoryLobb12282","RLobbFRE","Fremantle","Ruck","RU","RUC",8,73,12,36,363.1,3.304874690168,2019,72.625,72.8125,64.2
"529","RorySloane11792","RSloaneADE","Adelaide","Mid","MID","MID",15,96,24,68,383,6.26631853785901,2019,95.9333333333333,99.5333333333333,95.5
"530","RowanMarshall12564","RMarshallSTK","St Kilda","Ruck","FWD","RUC",14,104,18,64,388.7,4.63082068433239,2019,103.642857142857,103.821428571429,102.416666666667
"531","RupertWills12468","RWillsCOL","Collingwood","Mid","MID","MID",5,69,17,23,399.2,4.25851703406814,2019,68.8,68.9,75
"532","RyanBastinac11811","RBastinacBRI","Brisbane Lions","GenF","FWD",NA,2,60,12,9,373.5,3.21285140562249,2019,59.5,69.5666666666667,48
"533","RyanBurton12477","RBurtonPOR","Port Adelaide","GenD","DEF","DEF",10,76,21,45,375.5,5.59254327563249,2019,76.4,80.6153846153846,73.625
"534","RyanClarke12461","RClarkeSYD","Sydney","GenD","DEF","MID",11,60,17,50,371.7,4.57358084476729,2019,60.3636363636364,65.3181818181818,66.625
"535","RyanGardner12732","RGardnerWBD","Western Bulldogs","KeyD","FWD","FWD",2,29,6,9,387.6,1.54798761609907,2019,29,29,18
"536","RyanGarthwaite12647","RGarthwaiteRIC","Richmond","MF","FWD","DEF",4,37,8,18,366.8,2.18102508178844,2019,37.25,43,56
"537","RyanLester11894","RLesterBRI","Brisbane Lions","GenD","MID","DEF",5,58,11,23,373.5,2.94511378848728,2019,58,63.6666666666667,53
"538","RyanNyhuis12554","RNyhuisFRE","Fremantle","GenD","DEF",NA,2,34,9,9,363.1,2.478656017626,2019,34,43.875,34
"539","RyleyStoddart12638","RStoddartSYD","Sydney","GenD","DEF","DEF",2,17,6,9,371.7,1.61420500403551,2019,17,25.5,17
"540","SamCollins12444","SCollinsGCS","Gold Coast","KeyD","DEF","DEF",2,48,12,9,339.9,3.53045013239188,2019,48.5,48.25,76
"541","SamDay11947","SDayGCS","Gold Coast","KeyF","FWD","FWD",10,64,12,45,339.9,3.53045013239188,2019,63.8,63.9,63.8
"542","SamDurdin12515","SDurdinNME","North Melbourne","GenD","DEF","DEF",9,37,9,41,367.9,2.44631693394944,2019,36.7777777777778,44,36.7777777777778
"543","SamFrost12119","SFrostMEL","Melbourne","KeyD","DEF",NA,15,50,13,68,386.2,3.36613153806318,2019,50.2,50.6875,52.4166666666667
"544","SamGray12262","SGrayPOR","Port Adelaide","GenF","FWD",NA,13,69,17,59,375.5,4.52729693741678,2019,68.5384615384615,76.4375,67.6363636363636
"545","SamJacobs11708","SJacobsADE","Adelaide","Ruck","RU",NA,5,81,11,23,383,2.87206266318538,2019,80.6,88.1333333333333,82.5
"546","SamLloyd12263","SLloydWBD","Western Bulldogs","GenF","FWD","FWD",15,79,16,68,387.6,4.12796697626419,2019,79.0666666666667,79.0333333333333,76.9166666666667
"547","SamMenegola12464","SMenegolaGEE","Geelong","Mid","MID","MID",4,78,18,18,380.1,4.73559589581689,2019,77.5,89.8076923076923,76.3333333333333
"548","SamPetrevski-Seton12487","SPetrevski-SetonCAR","Carlton",NA,NA,"DEF",15,78,18,68,347,5.18731988472623,2019,77.6666666666667,77.8333333333333,75.1666666666667
"549","SamPowell-Pepper12494","SPowell-PepperPOR","Port Adelaide",NA,NA,"FWD",12,74,18,55,375.5,4.79360852197071,2019,74.4166666666667,74.2083333333333,76.2222222222222
"550","SamReid11705","SReidGWS","Greater Western Sydney","GenD","FWD",NA,15,65,15,68,377.9,3.96930404869013,2019,64.6,64.8,63.9166666666667
"551","SamReid11880","SReidSYD","Sydney","KeyF","FWD","FWD",15,71,12,68,371.7,3.22841000807103,2019,71.3333333333333,71.1666666666667,66.5833333333333
"552","SamRowe12157","SRoweSTK","St Kilda","KeyD","DEF",NA,1,39,9,5,388.7,2.31541034216619,2019,39,40.2916666666667,39
"553","SamSwitkowski12672","SSwitkowskiFRE","Fremantle","GenF","FWD","FWD",12,60,12,55,363.1,3.304874690168,2019,60.25,61.75,60.9
"554","SamTaylor12644","STaylorGWS","Greater Western Sydney","KeyD","DEF","DEF",11,44,11,50,377.9,2.91082296903943,2019,43.5454545454545,43.7727272727273,39.8888888888889
"555","SamWalsh12684","SWalshCAR","Carlton","Mid","MID","MID",15,92,26,68,347,7.49279538904899,2019,92.4666666666667,92.2333333333333,94.8333333333333
"556","SamWeideman12475","SWeidemanMEL","Melbourne","KeyF","FWD","FWD",7,54,10,32,386.2,2.58933195235629,2019,53.7142857142857,58.3333333333333,49.6
"557","ScottJones12640","SJonesFRE","Fremantle","KeyF","RU",NA,1,78,14,5,363.1,3.85568713852933,2019,78,78,78
"558","ScottLycett11994","SLycettPOR","Port Adelaide","Ruck","RU","RUC",11,95,18,50,375.5,4.79360852197071,2019,94.8181818181818,94.9090909090909,100
"559","ScottPendlebury4182","SPendleburyCOL","Collingwood","Mid","MID","MID",15,105,27,68,399.2,6.76352705410822,2019,105.333333333333,107.555555555556,103.083333333333
"560","ScottSelwood11644","SSelwoodGEE","Geelong","Mid","MID",NA,2,84,19,9,380.1,4.99868455669561,2019,83.5,91,83.5
"561","ScottThompson11636","SThompsonNME","North Melbourne","KeyD","DEF",NA,13,54,14,59,367.9,3.80538189725469,2019,54.3846153846154,58.2333333333333,54.1818181818182
"562","SeanDarcy12547","SDarcyFRE","Fremantle","Ruck","RU","RUC",11,69,11,50,363.1,3.02946846598733,2019,68.6363636363636,76.3125,68.4
"563","SeanLemmens12234","SLemmensGCS","Gold Coast","GenD","DEF","FWD",7,53,11,32,339.9,3.23624595469256,2019,53.1428571428571,53.0714285714286,53.1428571428571
"564","SebastianRoss12132","SRossSTK","St Kilda","Mid","MID","MID",15,94,25,68,388.7,6.4316953949061,2019,94,103.071428571429,97.5
"565","ShaiBolton12535","SBoltonRIC","Richmond","GenF","FWD","FWD",11,65,15,50,366.8,4.08942202835333,2019,64.8181818181818,64.9090909090909,68.1111111111111
"566","ShaneEdwards11557","SEdwardsRIC","Richmond","MF","MID","DEF",14,72,22,64,366.8,5.99781897491821,2019,72.2142857142857,72.1071428571429,73.6363636363636
"567","ShaneMumford11656","SMumfordGWS","Greater Western Sydney","Ruck","RU","RUC",10,56,9,45,377.9,2.38158242921408,2019,56,69.6923076923077,59.125
"568","ShaneSavage11793","SSavageSTK","St Kilda","GenD","DEF","DEF",15,71,17,68,388.7,4.37355286853615,2019,70.6666666666667,77.2272727272727,73.5833333333333
"569","ShannonHurn4162","SHurnWCE","West Coast","KeyD","DEF","DEF",12,82,20,55,356.1,5.616399887672,2019,81.5,85.3,82.1111111111111
"570","ShaunAtley11902","SAtleyNME","North Melbourne","GenD","DEF","DEF",14,63,19,64,367.9,5.16444686055993,2019,62.8571428571429,65.9,60.7272727272727
"571","ShaunBurgoyne1126","SBurgoyneHAW","Hawthorn","GenD","DEF","DEF",15,69,16,68,376.5,4.24966799468791,2019,68.8666666666667,76.4,71.1666666666667
"572","ShaunHiggins4180","SHigginsNME","North Melbourne","Mid","MID","MID",11,94,27,50,367.9,7.33895080184833,2019,93.6363636363636,95.4666666666667,91.75
"573","ShaunMcKernan11774","SMcKernanESS","Essendon","Ruck","RU","FWD",14,67,13,64,381.6,3.40670859538784,2019,67.1428571428571,67.25,73.4545454545455
"574","SteeleSidebottom11751","SSidebottomCOL","Collingwood","Mid","MID","MID",14,97,25,64,399.2,6.2625250501002,2019,96.7857142857143,102.333333333333,102.909090909091
"575","StefanMartin11684","SMartinBRI","Brisbane Lions","Ruck","RU","RUC",15,85,16,68,373.5,4.28380187416332,2019,85.1333333333333,89.8666666666667,90.3333333333333
"576","StephenConiglio12028","SConiglioGWS","Greater Western Sydney","Mid","MID","MID",9,103,25,41,377.9,6.61550674781688,2019,103.222222222222,107.821428571429,84.5
"577","StephenHill11716","SHillFRE","Fremantle","Mid","MID","DEF",3,38,12,14,363.1,3.304874690168,2019,37.6666666666667,57.1071428571429,37.6666666666667
"578","StephenHill11716","SHillFRE","Fremantle","Mid","MID","FWD",3,38,12,14,363.1,3.304874690168,2019,37.6666666666667,57.1071428571429,37.6666666666667
"579","StevenMay11940","SMayMEL","Melbourne","KeyD","DEF","DEF",8,57,15,36,386.2,3.88399792853444,2019,57.375,67.3636363636364,57.375
"580","StevenMotlop11818","SMotlopPOR","Port Adelaide","MF","MID","FWD",10,71,18,45,375.5,4.79360852197071,2019,70.8,71.0357142857143,71.2857142857143
"581","SydneyStack12708","SStackRIC","Richmond","Mid","MID","DEF",10,71,18,45,366.8,4.90730643402399,2019,71.4,71.2,70.875
"582","TarrynThomas12707","TThomasNME","North Melbourne","MF","MID","FWD",14,54,11,64,367.9,2.98994291927154,2019,54.3571428571429,54.1785714285714,55.1666666666667
"583","TaylinDuman12615","TDumanFRE","Fremantle","GenD","DEF","DEF",10,67,16,45,363.1,4.40649958689066,2019,67.2,71.3333333333333,65.25
"584","TaylorAdams12066","TAdamsCOL","Collingwood","Mid","MID","MID",5,106,27,23,399.2,6.76352705410822,2019,105.6,109.5,105.6
"585","TaylorDuryea12163","TDuryeaWBD","Western Bulldogs","GenD","DEF","DEF",11,77,19,50,387.6,4.90196078431373,2019,77.0909090909091,77.0454545454545,79.7
"586","TaylorGarner12220","TGarnerNME","North Melbourne","GenF","FWD","FWD",6,61,14,27,367.9,3.80538189725469,2019,60.8333333333333,64.5384615384615,60.8333333333333
"587","TaylorWalker11713","TWalkerADE","Adelaide","KeyF","FWD","FWD",15,63,12,68,383,3.1331592689295,2019,63,70.4230769230769,66.4166666666667
"588","TimEnglish12537","TEnglishWBD","Western Bulldogs","Ruck","RU","RUC",14,74,13,64,387.6,3.35397316821465,2019,74,74,75
"589","TimKelly12595","TKellyGEE","Geelong","Mid","MID",NA,15,96,26,68,380.1,6.84030518284662,2019,96.4666666666667,96.2333333333333,92.9166666666667
"590","TimMembrey12300","TMembreySTK","St Kilda","KeyF","FWD","FWD",15,71,13,68,388.7,3.34448160535117,2019,71.0666666666667,71.8,70.6666666666667
"591","TimOBrien12242","TOBrienHAW","Hawthorn",NA,NA,NA,12,59,12,55,376.5,3.18725099601594,2019,58.5833333333333,59.4090909090909,59.7
"592","TimSmith12514","TSmithMEL","Melbourne","GenF","FWD",NA,5,60,11,23,386.2,2.84826514759192,2019,59.8,64.1666666666667,51.3333333333333
"593","TimTaranto12504","TTarantoGWS","Greater Western Sydney","Mid","MID","MID",15,112,28,68,377.9,7.40936755755491,2019,111.533333333333,111.766666666667,110.916666666667
"594","TobyGreene12025","TGreeneGWS","Greater Western Sydney","GenF","FWD","FWD",12,101,24,55,377.9,6.35088647790421,2019,101.416666666667,101.208333333333,113.666666666667
"595","TobyMcLean12363","TMcLeanWBD","Western Bulldogs","MF","MID","FWD",11,64,16,50,387.6,4.12796697626419,2019,63.8181818181818,76.8461538461538,63.125
"596","TobyNankervis12374","TNankervisRIC","Richmond","Ruck","RU","RUC",3,95,16,14,366.8,4.36205016357688,2019,94.6666666666667,94.8333333333333,84.5
"597","ToddGoldstein11686","TGoldsteinNME","North Melbourne","Ruck","RU","RUC",15,91,17,68,367.9,4.62082087523784,2019,91.0666666666667,95.5333333333333,88.1666666666667
"598","ToddMarshall12575","TMarshallPOR","Port Adelaide","KeyF","FWD","FWD",6,56,10,27,375.5,2.66311584553928,2019,56.3333333333333,56.1666666666667,57.6
"599","TomAtkins12690","TAtkinsGEE","Geelong","Mid","MID","FWD",14,56,12,64,380.1,3.15706393054459,2019,55.5,55.75,53.6363636363636
"600","TomBarrass12383","TBarrassWCE","West Coast","KeyD","DEF","DEF",10,53,11,45,356.1,3.0890199382196,2019,53.1,61.7222222222222,53.5555555555556
"601","TomBellchambers11675","TBellchambersESS","Essendon","Ruck","RU","RUC",8,74,10,36,381.6,2.62054507337526,2019,74,78.75,76.6
"602","TomCampbell12097","TCampbellNME","North Melbourne","Ruck","RU","RUC",1,40,8,5,367.9,2.17450394128839,2019,40,64.625,40
"603","TomCampbell12097","TCampbellNME","North Melbourne","Ruck","RU","FWD",1,40,8,5,367.9,2.17450394128839,2019,40,64.625,40
"604","TomClurey12238","TClureyPOR","Port Adelaide","KeyD","DEF","DEF",14,59,13,64,375.5,3.46205059920106,2019,59.2857142857143,59.1428571428571,60.5454545454545
"605","TomCole12446","TColeWCE","West Coast","GenD","DEF","DEF",7,58,11,32,356.1,3.0890199382196,2019,58,58,73.5
"606","TomDoedee12583","TDoedeeADE","Adelaide","KeyD","DEF","DEF",1,38,8,5,383,2.088772845953,2019,38,56.5769230769231,63
"607","TomHawkins11548","THawkinsGEE","Geelong","KeyF","FWD","FWD",15,68,13,68,380.1,3.42015259142331,2019,68.2,79.1,64.1666666666667
"608","TomHickey12003","THickeyWCE","West Coast","Ruck","RU","RUC",13,69,13,59,356.1,3.6506599269868,2019,69.4615384615385,71.1428571428571,72.6666666666667
"609","TomJok12759","TJokESS","Essendon","GenD","MID",NA,1,58,12,5,381.6,3.14465408805031,2019,58,58,58
"610","TomJonas12002","TJonasPOR","Port Adelaide","KeyD","DEF","DEF",15,64,16,68,375.5,4.26098535286285,2019,64.2666666666667,67.6363636363636,62.4166666666667
"611","TomLangdon12233","TLangdonCOL","Collingwood","GenD","DEF","DEF",2,80,16,9,399.2,4.00801603206413,2019,79.5,79.75,94
"612","TomLiberatore11898","TLiberatoreWBD","Western Bulldogs","Mid","MID","MID",8,75,21,36,387.6,5.41795665634675,2019,74.875,75.125,62.4
"613","TomLynch11865","TLynchADE","Adelaide","KeyF","FWD","FWD",9,84,19,41,383,4.96083550913838,2019,84.2222222222222,88.1923076923077,80.1428571428571
"614","TomLynch11948","TLynchRIC","Richmond","KeyF","FWD",NA,15,65,11,68,366.8,2.99890948745911,2019,64.7333333333333,70.75,70.25
"615","TomMcCartin12627","TMcCartinSYD","Sydney","KeyD","FWD","FWD",12,48,10,55,371.7,2.69034167339252,2019,48.0833333333333,48.0416666666667,48.1
"616","TomMcDonald12009","TMcDonaldMEL","Melbourne","KeyF","FWD","FWD",8,69,15,36,386.2,3.88399792853444,2019,69.375,79.8846153846154,86
"617","TomPapley12412","TPapleySYD","Sydney","GenF","FWD","FWD",15,76,15,68,371.7,4.03551251008878,2019,76,79.2083333333333,76.8333333333333
"618","TomPhillips12452","TPhillipsCOL","Collingwood","Mid","MID","MID",15,88,23,68,399.2,5.76152304609218,2019,87.8,91.4333333333333,89.5
"619","TomRockliff11787","TRockliffPOR","Port Adelaide","Mid","MID","MID",11,99,28,50,375.5,7.45672436750999,2019,98.6363636363636,98.8181818181818,92
"620","TomScully11802","TScullyHAW","Hawthorn","Mid","MID","MID",14,63,18,64,376.5,4.7808764940239,2019,63.3571428571429,69.2142857142857,62.9166666666667
"621","TomSparrow12693","TSparrowMEL","Melbourne","Mid","MID","FWD",2,52,11,9,386.2,2.84826514759192,2019,52,52,40
"622","TomStewart12505","TStewartGEE","Geelong","GenD","DEF","DEF",15,94,23,68,380.1,6.05103920021047,2019,94.2,94.1,95.9166666666667
"623","ToryDickson12043","TDicksonWBD","Western Bulldogs","GenF","FWD","FWD",12,60,12,55,387.6,3.09597523219814,2019,59.9166666666667,59.9583333333333,60.2727272727273
"624","ToukMiller12331","TMillerGCS","Gold Coast","Mid","MID","MID",12,89,22,55,339.9,6.47249190938511,2019,88.75,88.875,88.5454545454545
"625","TravisBoak11583","TBoakPOR","Port Adelaide","Mid","FWD","MID",14,104,29,64,375.5,7.72303595206391,2019,103.928571428571,103.964285714286,100.545454545455
"626","TravisColyer11821","TColyerFRE","Fremantle","MF","MID","FWD",4,62,16,18,363.1,4.40649958689066,2019,61.5,63.0714285714286,59.3333333333333
"627","TravisVarcoe11549","TVarcoeCOL","Collingwood","GenF","DEF","FWD",12,52,12,55,399.2,3.0060120240481,2019,51.5833333333333,51.7916666666667,52.5
"628","TrentCotchin11666","TCotchinRIC","Richmond","Mid","MID","MID",10,71,21,45,366.8,5.72519083969466,2019,71.4,82.9333333333333,67.625
"629","TrentDumont12343","TDumontNME","North Melbourne","Mid","MID","MID",14,81,22,64,367.9,5.97988583854308,2019,81.0714285714286,81.9666666666667,80.0909090909091
"630","TrentMcKenzie11912","TMcKenziePOR","Port Adelaide","GenD","DEF","DEF",1,70,21,5,375.5,5.59254327563249,2019,70,70,70
"631","TysonStengle12552","TStengleADE","Adelaide","GenF","FWD","FWD",4,58,8,18,383,2.088772845953,2019,58,58,58
"632","WayneMilera12405","WMileraADE","Adelaide","GenD","MID","DEF",14,77,18,64,383,4.69973890339426,2019,77.0714285714286,78.5357142857143,74.3636363636364
"633","WillBrodie12541","WBrodieGCS","Gold Coast","Mid","MID","MID",6,91,22,27,339.9,6.47249190938511,2019,91.1666666666667,91.0833333333333,91.1666666666667
"634","WillemDrew12695","WDrewPOR","Port Adelaide","Mid","MID","MID",4,80,19,18,375.5,5.05992010652463,2019,79.5,79.75,77.3333333333333
"635","WillHayes12716","WHayesWBD","Western Bulldogs","Mid","MID","MID",3,82,18,14,387.6,4.64396284829721,2019,82.3333333333333,82.1666666666667,82.3333333333333
"636","WillHayward12509","WHaywardSYD","Sydney","GenF","FWD","FWD",9,57,12,41,371.7,3.22841000807103,2019,57.2222222222222,58.3666666666667,57.8333333333333
"637","WillHoskin-Elliott12026","WHoskin-ElliottCOL","Collingwood",NA,NA,"FWD",13,79,16,59,399.2,4.00801603206413,2019,78.9230769230769,83.9333333333333,80.1818181818182
"638","WillieRioli12606","WRioliWCE","West Coast","GenF","FWD","FWD",12,64,14,55,356.1,3.9314799213704,2019,64.3333333333333,64.1666666666667,65.5
"639","WillSchofield11605","WSchofieldWCE","West Coast","KeyD","DEF","DEF",8,37,9,36,356.1,2.5273799494524,2019,37.125,37.0625,38.1666666666667
"640","WillSetterfield12567","WSetterfieldCAR","Carlton","Mid","MID","MID",14,70,17,64,347,4.89913544668588,2019,70.2142857142857,70.1071428571429,70.8333333333333
"641","WillSnelling12484","WSnellingESS","Essendon","Mid","MID","FWD",3,72,18,14,381.6,4.71698113207547,2019,71.6666666666667,71.8333333333333,71.6666666666667
"642","WilPowell12652","WPowellGCS","Gold Coast","Mid","MID","MID",8,55,12,36,339.9,3.53045013239188,2019,55.125,55.0625,44.8
"643","XavierDuursma12696","XDuursmaPOR","Port Adelaide","GenD","MID","MID",13,84,20,59,375.5,5.32623169107856,2019,84.0769230769231,84.0384615384615,82.6
"644","ZacBailey12610","ZBaileyBRI","Brisbane Lions","Mid","MID","DEF",11,54,13,50,373.5,3.4805890227577,2019,54.2727272727273,54.1363636363636,53.9
"645","ZacClarke11771","ZClarkeESS","Essendon","Ruck","RU",NA,6,64,11,27,381.6,2.88259958071279,2019,64.1666666666667,64.0833333333333,64.1666666666667
"646","ZacFisher12520","ZFisherCAR","Carlton","Mid","FWD","FWD",14,55,15,64,347,4.32276657060519,2019,55.3571428571429,59.05,54.0909090909091
"647","ZachMerrett12241","ZMerrettESS","Essendon","Mid","MID","MID",15,103,27,68,381.6,7.07547169811321,2019,102.8,108.035714285714,106.083333333333
"648","ZachSproule12758","ZSprouleGWS","Greater Western Sydney","KeyF","FWD","FWD",1,23,5,5,377.9,1.32310134956338,2019,23,23,23
"649","ZachTuohy11973","ZTuohyGEE","Geelong","GenD","DEF","DEF",12,70,19,55,380.1,4.99868455669561,2019,70.1666666666667,75.3,70
"650","ZacLangdon12599","ZLangdonGWS","Greater Western Sydney","GenF","FWD","FWD",2,42,8,9,377.9,2.1169621593014,2019,42,47.4666666666667,42
"651","ZacSmith11909","ZSmithGEE","Geelong","Ruck","RU",NA,3,73,12,14,380.1,3.15706393054459,2019,73.3333333333333,77.2916666666667,71
"652","ZacWilliams12175","ZWilliamsGWS","Greater Western Sydney","GenD","DEF","DEF",13,99,25,59,377.9,6.61550674781688,2019,99.4615384615385,99.2307692307692,102.166666666667
"653","ZaineCordy12392","ZCordyWBD","Western Bulldogs","KeyD","DEF","DEF",15,42,10,68,387.6,2.57997936016512,2019,41.5333333333333,49,41.6666666666667
"654","ZakButters12698","ZButtersPOR","Port Adelaide","Mid","MID","FWD",13,57,14,59,375.5,3.72836218375499,2019,57.4615384615385,57.2307692307692,54.4
"655","ZakJones12288","ZJonesSYD","Sydney","Mid","MID",NA,10,83,22,45,371.7,5.91875168146355,2019,82.9,82.95,81.6666666666667
