,player_id,FirstLastTeam,Playing.for,DvP_position,Position,uf_position,games_played,dt_avg,disp_avg,risk,team_disp,usage,Season,highest_avg,talent,form
31,ArchieSmith12472,ASmithBRI,Brisbane Lions,Ruck,FWD,RUC,2,48,10,9,373.5,2.677376171,2019,48,48,35
48,BenMcEvoy11682,BMcEvoyHAW,Hawthorn,Ruck,RU,RUC,12,76,12,55,376.5,3.187250996,2019,76.41666667,82.3,74.18181818
76,BraydonPreuss12500,BPreussMEL,Melbourne,Ruck,RU,RUC,5,50,8,23,386.2,2.071465562,2019,50,56.33333333,50
83,BrodieGrundy12217,BGrundyCOL,Collingwood,Ruck,RU,RUC,15,121,21,68,399.2,5.260521042,2019,120.6,120.8,122.0833333
94,CallumColeman-Jones12730,CColeman-JonesRIC,Richmond,NA,NA,RUC,1,66,13,5,366.8,3.544165758,2019,66,66,72
96,CallumSinclair12158,CSinclairSYD,Sydney,Ruck,RU,RUC,7,73,11,32,371.7,2.959375841,2019,72.71428571,81.83333333,64
217,HaydenMcLean12745,HMcLeanSYD,Sydney,Ruck,FWD,RUC,4,65,11,18,371.7,2.959375841,2019,64.75,64.875,64.75
229,IvanSoldo12529,ISoldoRIC,Richmond,Ruck,RU,RUC,10,72,10,45,366.8,2.726281352,2019,72.2,72.1,73.22222222
303,JarrodWitts12177,JWittsGCS,Gold Coast,Ruck,RU,RUC,15,106,15,68,339.9,4.413062665,2019,106,106,106.1666667
331,JonathonCeglar12210,JCeglarHAW,Hawthorn,Ruck,RU,RUC,11,75,13,50,376.5,3.452855246,2019,74.63636364,74.81818182,79.125
418,MabiorChol12485,MCholRIC,Richmond,KeyF,RU,RUC,9,55,8,41,366.8,2.181025082,2019,54.77777778,54.88888889,54.77777778
441,MatthewKreuzer11645,MKreuzerCAR,Carlton,Ruck,RU,RUC,11,85,13,50,347,3.746397695,2019,85.45454545,95.76666667,82.55555556
447,MaxGawn11966,MGawnMEL,Melbourne,Ruck,RU,RUC,14,111,18,64,386.2,4.660797514,2019,111.3571429,111.1785714,112.0909091
468,NathanVardy11955,NVardyWCE,West Coast,Ruck,RU,RUC,5,51,7,23,356.1,1.965739961,2019,51.4,59.46153846,39.5
479,NicNaitanui11768,NNaitanuiWCE,West Coast,Ruck,RU,RUC,3,73,11,14,356.1,3.089019938,2019,72.66666667,77.77777778,72.66666667
482,NoahBalta12686,NBaltaRIC,Richmond,KeyF,FWD,RUC,6,44,9,27,366.8,2.453653217,2019,43.66666667,43.83333333,33.33333333
492,OscarMcInerney12617,OMcInerneyBRI,Brisbane Lions,KeyF,RU,RUC,12,59,9,55,373.5,2.409638554,2019,59.33333333,59.16666667,63.8
507,PeterLadhams12729,PLadhamsPOR,Port Adelaide,Ruck,RU,RUC,5,66,15,23,375.5,3.994673768,2019,65.6,65.8,69.25
515,RhysStanley11847,RStanleyGEE,Geelong,Ruck,RU,RUC,10,78,14,45,380.1,3.683241252,2019,78,79.04545455,75.875
528,RoryLobb12282,RLobbFRE,Fremantle,Ruck,RU,RUC,8,73,12,36,363.1,3.30487469,2019,72.625,82.5,64.2
530,RowanMarshall12564,RMarshallSTK,St Kilda,Ruck,FWD,RUC,14,104,18,64,388.7,4.630820684,2019,103.6428571,103.8214286,102.4166667
558,ScottLycett11994,SLycettPOR,Port Adelaide,Ruck,RU,RUC,11,95,18,50,375.5,4.793608522,2019,94.81818182,94.90909091,100
562,SeanDarcy12547,SDarcyFRE,Fremantle,Ruck,RU,RUC,11,69,11,50,363.1,3.029468466,2019,68.63636364,76.3125,68.4
567,ShaneMumford11656,SMumfordGWS,Greater Western Sydney,Ruck,RU,RUC,10,56,9,45,377.9,2.381582429,2019,56,69.69230769,59.125
575,StefanMartin11684,SMartinBRI,Brisbane Lions,Ruck,RU,RUC,15,85,16,68,373.5,4.283801874,2019,85.13333333,89.86666667,90.33333333
588,TimEnglish12537,TEnglishWBD,Western Bulldogs,Ruck,RU,RUC,14,74,13,64,387.6,3.353973168,2019,74,74,75
596,TobyNankervis12374,TNankervisRIC,Richmond,Ruck,RU,RUC,3,95,16,14,366.8,4.362050164,2019,94.66666667,94.83333333,84.5
597,ToddGoldstein11686,TGoldsteinNME,North Melbourne,Ruck,RU,RUC,15,91,17,68,367.9,4.620820875,2019,91.06666667,95.53333333,88.16666667
601,TomBellchambers11675,TBellchambersESS,Essendon,Ruck,RU,RUC,8,74,10,36,381.6,2.620545073,2019,74,78.75,76.6
602,TomCampbell12097,TCampbellNME,North Melbourne,Ruck,RU,RUC,1,40,8,5,367.9,2.174503941,2019,40,64.625,40
608,TomHickey12003,THickeyWCE,West Coast,Ruck,RU,RUC,13,69,13,59,356.1,3.650659927,2019,69.46153846,71.14285714,72.66666667
4,AaronSandilands1421,ASandilandsFRE,Fremantle,Ruck,RU,NA,6,72,12,27,363.1,3.30487469,2019,72.16666667,72.08333333,72.16666667
5,AaronYoung12068,AYoungGCS,Gold Coast,GenF,FWD,NA,1,54,11,5,339.9,3.236245955,2019,54,59.36666667,54
9,AdamTomlinson12027,ATomlinsonGWS,Greater Western Sydney,GenD,DEF,MID,15,73,17,68,377.9,4.498544589,2019,72.53333333,75.36666667,72
12,AidenBonar12669,ABonarGWS,Greater Western Sydney,GenF,FWD,FWD,2,42,10,9,377.9,2.646202699,2019,42,50.5,42
13,AlexFasolo11977,AFasoloCAR,Carlton,GenF,FWD,NA,3,33,7,14,347,2.017291066,2019,33.33333333,53.875,50
14,AlexKeath12560,AKeathADE,Adelaide,KeyD,DEF,DEF,11,59,14,50,383,3.65535248,2019,59.09090909,65,58.75
25,AndrewPhillips12075,APhillipsCAR,Carlton,Ruck,RU,RUC,4,78,11,18,347,3.170028818,2019,77.75,77.875,76
26,AndyOtten11678,AOttenADE,Adelaide,KeyD,DEF,NA,3,66,15,14,383,3.916449086,2019,65.66666667,74.16666667,65.66666667
28,AngusSchumacher12751,ASchumacherCAR,Carlton,Mid,MID,NA,1,43,13,5,347,3.746397695,2019,43,43,43
42,BenCrocker12436,BCrockerCOL,Collingwood,MF,FWD,FWD,3,45,8,14,399.2,2.004008016,2019,44.66666667,50.33333333,44.66666667
45,BenKeays12434,BKeaysBRI,Brisbane Lions,Mid,MID,FWD,2,52,14,9,373.5,3.74832664,2019,52.5,56,53
50,BenMcNiece12527,BMcNieceESS,Essendon,GenD,DEF,NA,4,35,10,18,381.6,2.620545073,2019,34.75,38.4,32
55,BillyFrampton12676,BFramptonPOR,Port Adelaide,Ruck,RU,FWD,1,14,9,5,375.5,2.396804261,2019,14,33,94
57,BillyStretch12353,BStretchMEL,Melbourne,MF,MID,FWD,4,68,18,18,386.2,4.660797514,2019,67.75,82.5,72.5
58,BlakeAcres12276,BAcresSTK,St Kilda,MF,MID,FWD,12,69,17,55,388.7,4.373552869,2019,68.83333333,74.42857143,66.81818182
60,BobbyHill12744,BHillGWS,Greater Western Sydney,NA,NA,FWD,7,50,10,32,377.9,2.646202699,2019,50.28571429,50.14285714,50.28571429
63,BradleyHill12060,BHillFRE,Fremantle,Mid,MID,MID,15,94,27,68,363.1,7.435968053,2019,94,94,91
64,BradScheer12530,BScheerGCS,Gold Coast,Mid,MID,NA,3,43,9,14,339.9,2.647837599,2019,43,50.66666667,43
67,BrandonEllis12034,BEllisRIC,Richmond,GenD,DEF,MID,13,78,21,59,366.8,5.72519084,2019,77.69230769,84.5,76.54545455
70,BrandonWhite12486,BWhiteSTK,St Kilda,GenD,DEF,DEF,1,56,10,5,388.7,2.572678158,2019,56,56,56
78,BrendonAh Chee12338,BAh CheeWCE,West Coast,NA,NA,DEF,1,69,15,5,356.1,4.212299916,2019,69,69,69
82,BrettDeledio4068,BDeledioGWS,Greater Western Sydney,MF,FWD,NA,12,72,18,55,377.9,4.763164858,2019,72.33333333,72.375,72.11111111
91,CallumAh Chee12414,CAh CheeGCS,Gold Coast,NA,NA,DEF,1,62,17,5,339.9,5.001471021,2019,62,62,62
92,CallumBrown12545,CBrownCOL,Collingwood,MF,MID,MID,14,64,15,64,399.2,3.75751503,2019,63.5,63.75,64
98,CamEllis-Yolmen12283,CEllis-YolmenADE,Adelaide,NA,NA,MID,4,100,24,18,383,6.266318538,2019,100,100,89
116,ChrisMasten11638,CMastenWCE,West Coast,Mid,MID,MID,10,70,18,45,356.1,5.054759899,2019,70.2,72.17857143,74.33333333
121,ColinORiordan12658,CORiordanSYD,Sydney,NA,NA,DEF,10,55,14,45,371.7,3.766478343,2019,54.6,60.33333333,53.625
124,ConnorMenadue12356,CMenadueRIC,Richmond,GenD,FWD,FWD,2,42,10,9,366.8,2.726281352,2019,42.5,50,50
132,DaleMorris4084,DMorrisWBD,Western Bulldogs,GenD,DEF,NA,1,22,6,5,387.6,1.547987616,2019,22,32.40909091,22
133,DaleThomas4152,DThomasCAR,Carlton,GenD,MID,NA,13,80,19,59,347,5.475504323,2019,80,80.65384615,80.72727273
134,DanButler12490,DButlerRIC,Richmond,GenF,FWD,FWD,6,52,9,27,366.8,2.453653217,2019,51.83333333,58.375,51.25
142,DanielMenzel11873,DMenzelSYD,Sydney,GenF,FWD,NA,7,48,10,32,371.7,2.690341673,2019,48.42857143,57.36363636,51
147,DanielWells1427,DWellsCOL,Collingwood,Mid,MID,NA,1,67,11,5,399.2,2.755511022,2019,67,69.08333333,54
158,DavidArmitage11570,DArmitageSTK,St Kilda,Mid,MID,NA,2,66,16,9,388.7,4.116285053,2019,66,76.13636364,66
162,DavidMirra12613,DMirraHAW,Hawthorn,GenD,DEF,NA,1,76,16,5,376.5,4.249667995,2019,76,76,64
164,DavidMyers11663,DMyersESS,Essendon,Mid,MID,NA,3,62,14,14,381.6,3.668763103,2019,62,72.22727273,65.5
167,DawsonSimpson11822,DSimpsonGWS,Greater Western Sydney,Ruck,RU,RUC,8,70,8,36,377.9,2.116962159,2019,69.5,74.25,69.71428571
176,DougalHoward12420,DHowardPOR,Port Adelaide,KeyD,DEF,DEF,8,52,10,36,375.5,2.663115846,2019,52.375,56.33333333,43.16666667
186,EddieBetts4060,EBettsADE,Adelaide,GenF,FWD,FWD,14,58,12,64,383,3.133159269,2019,58.21428571,63.57142857,55.63636364
187,EdLangdon12393,ELangdonFRE,Fremantle,Mid,MID,MID,15,92,25,68,363.1,6.885155605,2019,92.4,97,91.58333333
202,GrantBirchall4149,GBirchallHAW,Hawthorn,GenD,DEF,DEF,3,73,21,14,376.5,5.577689243,2019,73,77.125,73
215,HaydenBallantyne11770,HBallantyneFRE,Fremantle,GenF,FWD,NA,3,48,11,14,363.1,3.029468466,2019,48.33333333,51.95,59
218,HeathGrundy1401,HGrundySYD,Sydney,GenD,DEF,NA,1,48,11,5,371.7,2.959375841,2019,48,54.06666667,116
222,HughGreenwood12533,HGreenwoodADE,Adelaide,Mid,MID,FWD,9,80,17,41,383,4.438642298,2019,80.11111111,80.05555556,74.71428571
244,JackMartin12236,JMartinGCS,Gold Coast,MF,FWD,FWD,9,81,17,41,339.9,5.001471021,2019,81.33333333,83.5,81
245,JackNewnes12050,JNewnesSTK,St Kilda,Mid,MID,MID,13,64,16,59,388.7,4.116285053,2019,64.46153846,76.1,61
258,JackSteven11791,JStevenSTK,St Kilda,Mid,MID,FWD,5,73,18,23,388.7,4.630820684,2019,73.2,85.56666667,69
266,JacobTownsend12023,JTownsendRIC,Richmond,GenF,FWD,FWD,1,17,3,5,366.8,0.817884406,2019,17,56,17
269,JaegerOMeara12141,JOMearaHAW,Hawthorn,NA,NA,MID,15,97,25,68,376.5,6.640106242,2019,97.26666667,98.03571429,98.75
280,JamesAish12250,JAishCOL,Collingwood,Mid,MID,DEF,9,74,19,41,399.2,4.759519038,2019,74.44444444,74.22222222,78
286,JamesRose12389,JRoseSYD,Sydney,GenF,FWD,MID,5,56,13,23,371.7,3.497444175,2019,55.8,55.9,55.8
295,JarradMcVeigh3950,JMcVeighSYD,Sydney,GenD,DEF,NA,5,57,17,23,371.7,4.573580845,2019,56.6,68.94444444,58.33333333
300,JarrodGarlett5488,JGarlettCAR,Carlton,GenF,FWD,NA,2,48,11,9,347,3.170028818,2019,48,51.3,45
305,JarrydRoughead4078,JRougheadHAW,Hawthorn,KeyF,FWD,NA,4,67,12,18,376.5,3.187250996,2019,66.75,77.4,69
314,JayKennedy-Harris12245,JKennedy-HarrisMEL,Melbourne,NA,NA,MID,5,66,17,23,386.2,4.401864319,2019,65.6,71.66666667,59.25
318,JeffGarlett11711,JGarlettMEL,Melbourne,GenF,FWD,FWD,3,55,8,14,386.2,2.071465562,2019,55,60.42857143,52
336,Jordande Goey12318,Jde GoeyCOL,Collingwood,NA,NA,FWD,10,78,17,45,399.2,4.258517034,2019,78.3,81.31818182,81.125
338,JordanLewis4077,JLewisMEL,Melbourne,GenD,MID,NA,8,66,16,36,386.2,4.142931124,2019,66.5,77.16666667,66.5
344,JoshBruce12065,JBruceSTK,St Kilda,KeyF,FWD,FWD,15,65,13,68,388.7,3.344481605,2019,64.66666667,67.32142857,63.66666667
348,JoshDeluca12548,JDelucaCAR,Carlton,GenF,MID,NA,6,53,12,27,347,3.458213256,2019,52.83333333,52.91666667,52.83333333
350,JoshJenkins12074,JJenkinsADE,Adelaide,KeyF,FWD,FWD,9,79,13,41,383,3.394255875,2019,79.11111111,81.7,79.28571429
352,JoshKennedy11672,JKennedySYD,Sydney,Mid,MID,MID,13,97,26,59,371.7,6.994888351,2019,96.84615385,98.83333333,99.63636364
353,JoshKennedy4169,JKennedyWCE,West Coast,KeyF,FWD,FWD,13,51,8,59,356.1,2.246559955,2019,51.30769231,65.75,48.54545455
357,JoshSmith12427,JSmithWCE,West Coast,Mid,MID,NA,2,46,12,9,356.1,3.369839933,2019,46.5,61.71428571,46.5
360,JoshWalker12109,JWalkerBRI,Brisbane Lions,KeyD,FWD,DEF,5,47,11,23,373.5,2.945113788,2019,46.8,57.08333333,41.66666667
367,KaidenBrand12435,KBrandHAW,Hawthorn,KeyD,DEF,DEF,2,48,12,9,376.5,3.187250996,2019,47.5,54.34615385,47.5
373,KierenJack11546,KJackSYD,Sydney,Mid,MID,NA,4,47,10,18,371.7,2.690341673,2019,47,62.67857143,47
396,LewisPierce12451,LPierceSTK,St Kilda,Ruck,RU,NA,1,47,6,5,388.7,1.543606895,2019,47,51.33333333,40
397,LewisTaylor12252,LTaylorBRI,Brisbane Lions,MF,FWD,FWD,3,78,19,14,373.5,5.087014726,2019,78,78.33333333,72
407,LochieOBrien12611,LOBrienCAR,Carlton,NA,NA,FWD,11,57,14,50,347,4.034582133,2019,57.18181818,57.09090909,57.18181818
413,LukeHodge1134,LHodgeBRI,Brisbane Lions,GenD,DEF,NA,14,68,16,64,373.5,4.283801874,2019,68.28571429,74.66666667,68.54545455
421,MarcPittonet12417,MPittonetHAW,Hawthorn,Ruck,RU,RUC,2,54,10,9,376.5,2.656042497,2019,54.5,54.25,59
424,MarkBaguley12107,MBaguleyESS,Essendon,GenD,DEF,NA,4,50,8,18,381.6,2.096436059,2019,49.5,58.53571429,47
427,MarkOConnor12531,MOConnorGEE,Geelong,NA,NA,DEF,13,58,13,59,380.1,3.420152591,2019,57.61538462,58,59.6
438,MatthewBroadbent11782,MBroadbentPOR,Port Adelaide,GenD,DEF,DEF,8,74,19,36,375.5,5.059920107,2019,74.5,74.25,72.66666667
439,Matthewde Boer11746,Mde BoerGWS,Greater Western Sydney,NA,NA,MID,8,67,16,36,377.9,4.233924319,2019,67.25,75.35714286,64.4
446,MaverickWeller11922,MWellerRIC,Richmond,MF,FWD,FWD,2,54,16,9,366.8,4.362050164,2019,54.5,58.125,49
449,MichaelHartley12419,MHartleyESS,Essendon,KeyD,DEF,DEF,3,57,14,14,381.6,3.668763103,2019,57.33333333,57.16666667,57.33333333
452,MichaelRischitelli4047,MRischitelliGCS,Gold Coast,Mid,MID,NA,7,46,10,32,339.9,2.942041777,2019,46.14285714,49.25,46.14285714
454,MitchBrown11987,MBrownESS,Essendon,KeyF,DEF,FWD,12,66,14,55,381.6,3.668763103,2019,65.58333333,68.26923077,68.09090909
466,NathanHrovat12190,NHrovatNME,North Melbourne,MF,FWD,NA,4,54,16,18,367.9,4.349007883,2019,53.5,59.1,53.5
477,NickRobertson12264,NRobertsonBRI,Brisbane Lions,GenD,DEF,NA,2,52,14,9,373.5,3.74832664,2019,52.5,60.8,51
500,PatrickRyder4144,PRyderPOR,Port Adelaide,Ruck,RU,RUC,10,68,9,45,375.5,2.396804261,2019,67.5,79.3125,69.85714286
512,ReillyOBrien12473,ROBrienADE,Adelaide,NA,NA,RUC,11,102,16,50,383,4.177545692,2019,102.1818182,102.0909091,106.7777778
516,RichardDouglas2381,RDouglasADE,Adelaide,Mid,MID,NA,9,60,15,41,383,3.916449086,2019,59.66666667,68.3,59.75
525,RobbieYoung12726,RYoungSTK,St Kilda,GenF,FWD,NA,2,28,6,9,388.7,1.543606895,2019,28,28,68
532,RyanBastinac11811,RBastinacBRI,Brisbane Lions,GenF,FWD,NA,2,60,12,9,373.5,3.212851406,2019,59.5,69.56666667,48
538,RyanNyhuis12554,RNyhuisFRE,Fremantle,GenD,DEF,DEF,2,34,9,9,363.1,2.478656018,2019,34,43.875,34
543,SamFrost12119,SFrostMEL,Melbourne,KeyD,DEF,DEF,15,50,13,68,386.2,3.366131538,2019,50.2,50.6875,52.41666667
544,SamGray12262,SGrayPOR,Port Adelaide,GenF,FWD,FWD,13,69,17,59,375.5,4.527296937,2019,68.53846154,76.4375,67.63636364
545,SamJacobs11708,SJacobsADE,Adelaide,Ruck,RU,RUC,5,81,11,23,383,2.872062663,2019,80.6,88.13333333,82.5
550,SamReid11705,SReidGWS,Greater Western Sydney,GenD,FWD,FWD,15,65,15,68,377.9,3.969304049,2019,64.6,64.8,63.91666667
552,SamRowe12157,SRoweSTK,St Kilda,KeyD,DEF,NA,1,39,9,5,388.7,2.315410342,2019,39,40.29166667,39
557,ScottJones12640,SJonesFRE,Fremantle,KeyF,RU,FWD,1,78,14,5,363.1,3.855687139,2019,78,78,78
560,ScottSelwood11644,SSelwoodGEE,Geelong,Mid,MID,NA,2,84,19,9,380.1,4.998684557,2019,83.5,91,83.5
561,ScottThompson11636,SThompsonNME,North Melbourne,KeyD,DEF,NA,13,54,14,59,367.9,3.805381897,2019,54.38461538,58.23333333,54.18181818
589,TimKelly12595,TKellyGEE,Geelong,Mid,MID,MID,15,96,26,68,380.1,6.840305183,2019,96.46666667,96.23333333,92.91666667
591,TimOBrien12242,TOBrienHAW,Hawthorn,NA,NA,FWD,12,59,12,55,376.5,3.187250996,2019,58.58333333,59.40909091,59.7
592,TimSmith12514,TSmithMEL,Melbourne,GenF,FWD,NA,5,60,11,23,386.2,2.848265148,2019,59.8,64.16666667,51.33333333
609,TomJok12759,TJokESS,Essendon,GenD,MID,DEF,1,58,12,5,381.6,3.144654088,2019,58,58,58
614,TomLynch11948,TLynchRIC,Richmond,KeyF,FWD,FWD,15,65,11,68,366.8,2.998909487,2019,64.73333333,70.75,70.25
645,ZacClarke11771,ZClarkeESS,Essendon,Ruck,RU,RUC,6,64,11,27,381.6,2.882599581,2019,64.16666667,64.08333333,64.16666667
651,ZacSmith11909,ZSmithGEE,Geelong,Ruck,RU,RUC,3,73,12,14,380.1,3.157063931,2019,73.33333333,77.29166667,71
655,ZakJones12288,ZJonesSYD,Sydney,Mid,MID,MID,10,83,22,45,371.7,5.918751681,2019,82.9,89.5,81.66666667
2,AaronHall12041,AHallNME,North Melbourne,Mid,MID,MID,2,94,22,9,367.9,5.979885839,2019,94.5,94.25,106
10,AdamTreloar12054,ATreloarCOL,Collingwood,Mid,MID,MID,15,116,34,68,399.2,8.517034068,2019,116.4666667,116.2333333,119.5
23,AndrewGaff11904,AGaffWCE,West Coast,Mid,MID,MID,13,108,32,59,356.1,8.98623982,2019,108.0769231,109.7916667,105.6363636
24,AndrewMcGrath12491,AMcGrathESS,Essendon,GenD,MID,MID,15,73,21,68,381.6,5.503144654,2019,73.06666667,82.5,69.75
27,AngusBrayshaw12322,ABrayshawMEL,Melbourne,Mid,DEF,MID,15,87,21,68,386.2,5.4375971,2019,87.4,101.3846154,87.08333333
30,AnthonyMiles12059,AMilesGCS,Gold Coast,MID,MID,MID,12,88,22,55,339.9,6.472491909,2019,87.66666667,87.83333333,88.11111111
43,BenCunnington11835,BCunningtonNME,North Melbourne,Mid,MID,MID,15,79,26,68,367.9,7.067137809,2019,79.46666667,98,78.41666667
61,BradCrouch12156,BCrouchADE,Adelaide,Mid,MID,MID,15,108,30,68,383,7.832898172,2019,108,108.1666667,106
72,BraydenFiorini12481,BFioriniGCS,Gold Coast,Mid,MID,MID,15,93,24,68,339.9,7.060900265,2019,92.73333333,92.86666667,88.58333333
75,BraydenSier12649,BSierCOL,Collingwood,Mid,MID,MID,6,51,14,27,399.2,3.507014028,2019,50.66666667,63.25,50.66666667
86,BryceGibbs11535,BGibbsADE,Adelaide,Mid,MID,MID,8,76,19,36,383,4.960835509,2019,75.875,94.63333333,76.33333333
99,CameronGuthrie11884,CGuthrieGEE,Geelong,Mid,MID,MID,13,73,17,59,380.1,4.472507235,2019,73.23076923,73.11538462,71.27272727
110,CharlieConstable12687,CConstableGEE,Geelong,Mid,MID,MID,2,94,26,9,380.1,6.840305183,2019,94,94,106
117,ChrisMayne11642,CMayneCOL,Collingwood,GenF,FWD,MID,15,83,20,68,399.2,5.01002004,2019,82.53333333,88.5,79.33333333
120,ClaytonOliver12410,COliverMEL,Melbourne,Mid,MID,MID,15,103,29,68,386.2,7.509062662,2019,103.1333333,108.7666667,108.6666667
136,DanHannebery11783,DHanneberySTK,St Kilda,Mid,MID,MID,5,99,25,23,388.7,6.431695395,2019,98.6,98.8,98.6
163,DavidMundy4088,DMundyFRE,Fremantle,Mid,MID,MID,15,68,19,68,363.1,5.232718259,2019,68.33333333,78.93333333,68.75
165,DavidSwallow11919,DSwallowGCS,Gold Coast,Mid,MID,MID,15,90,23,68,339.9,6.766696087,2019,90.33333333,90.16666667,92.75
166,DavidZaharakis11729,DZaharakisESS,Essendon,Mid,MID,MID,14,72,19,64,381.6,4.979035639,2019,72.42857143,87.36666667,69.63636364
168,DayneBeams11728,DBeamsCOL,Collingwood,Mid,MID,MID,4,89,24,18,399.2,6.012024048,2019,89.25,98.7,128
169,DayneZorko12076,DZorkoBRI,Brisbane Lions,Mid,MID,MID,15,103,22,68,373.5,5.890227577,2019,102.8666667,107.5714286,105.8333333
173,DionPrestia11917,DPrestiaRIC,Richmond,Mid,MID,MID,15,102,28,68,366.8,7.633587786,2019,101.7333333,101.8666667,104.25
174,DomSheed12253,DSheedWCE,West Coast,Mid,MID,MID,15,96,28,68,356.1,7.862959843,2019,96.2,96.1,92.91666667
175,DomTyson12032,DTysonNME,North Melbourne,Mid,MID,MID,2,80,22,9,367.9,5.979885839,2019,79.5,85.70833333,87
177,DoultonLanglands12747,DLanglandsSTK,St Kilda,GenF,DEF,MID,3,58,12,14,388.7,3.08721379,2019,57.66666667,57.83333333,57.66666667
179,DylanClarke12632,DClarkeESS,Essendon,Mid,MID,MID,11,66,15,50,381.6,3.93081761,2019,66.18181818,66.09090909,61.9
182,DylanShiel12022,DShielESS,Essendon,Mid,MID,MID,14,92,25,64,381.6,6.551362683,2019,92.35714286,107,94.75
183,DysonHeppell11896,DHeppellESS,Essendon,Mid,MID,MID,10,91,25,45,381.6,6.551362683,2019,90.8,97.33333333,87.28571429
185,EdCurnow11883,ECurnowCAR,Carlton,Mid,MID,MID,15,95,24,68,347,6.916426513,2019,94.93333333,94.96666667,95.41666667
188,EdPhillips12630,EPhillipsSTK,St Kilda,Mid,MID,MID,2,54,12,9,388.7,3.08721379,2019,54.5,63.8,69
192,ElliotYeo12087,EYeoWCE,West Coast,Mid,DEF,MID,14,102,24,64,356.1,6.739679865,2019,102.4285714,106,102.8181818
200,GeorgeHewett12411,GHewettSYD,Sydney,Mid,MID,MID,15,75,22,68,371.7,5.918751681,2019,74.73333333,74.86666667,76.08333333
211,HarryPerryman12536,HPerrymanGWS,Greater Western Sydney,GenD,DEF,MID,14,73,18,64,377.9,4.763164858,2019,73.21428571,79.5,75.45454545
223,HughMcCluggage12518,HMcCluggageBRI,Brisbane Lions,MF,MID,MID,14,91,23,64,373.5,6.157965194,2019,90.78571429,90.89285714,91.63636364
228,IsaacSmith11941,ISmithHAW,Hawthorn,Mid,MID,MID,14,86,23,64,376.5,6.108897742,2019,86.14285714,89.03333333,88.25
230,JackBillings12249,JBillingsSTK,St Kilda,MF,FWD,MID,15,98,25,68,388.7,6.431695395,2019,98.33333333,98.16666667,105.0833333
231,JackBowes12499,JBowesGCS,Gold Coast,Mid,MID,MID,8,64,17,36,339.9,5.001471021,2019,64.375,67.5,73.6
234,JackGraham12576,JGrahamRIC,Richmond,Mid,MID,MID,12,85,18,55,366.8,4.907306434,2019,84.58333333,84.79166667,82.63636364
242,JackMacrae12166,JMacraeWBD,Western Bulldogs,Mid,MID,MID,15,120,35,68,387.6,9.029927761,2019,120.1333333,120.0666667,129.0833333
247,JackRedden11780,JReddenWCE,West Coast,Mid,MID,MID,15,94,23,68,356.1,6.458859871,2019,94.4,95.93333333,92.66666667
249,JackRoss12712,JRossRIC,Richmond,Mid,MID,MID,2,61,16,9,366.8,4.362050164,2019,61,61,61
253,JacksonHately12715,JHatelyGWS,Greater Western Sydney,Mid,MID,MID,5,62,14,23,377.9,3.704683779,2019,61.8,61.9,61.8
257,JackSteele12368,JSteeleSTK,St Kilda,Mid,MID,MID,13,99,21,59,388.7,5.402624132,2019,98.69230769,98.84615385,98.1
259,JackViney12147,JVineyMEL,Melbourne,Mid,MID,MID,15,83,22,68,386.2,5.696530295,2019,82.86666667,107.5,83.66666667
262,JacobAllison12570,JAllisonBRI,Brisbane Lions,GenD,MID,MID,2,44,12,9,373.5,3.212851406,2019,43.5,57,43.5
265,JacobHopper12440,JHopperGWS,Greater Western Sydney,Mid,MID,MID,12,98,27,55,377.9,7.144747288,2019,98.33333333,98.16666667,97.33333333
282,JamesCousins12539,JCousinsHAW,Hawthorn,Mid,MID,MID,6,76,18,27,376.5,4.780876494,2019,75.5,75.75,73.66666667
284,JamesHarmes12379,JHarmesMEL,Melbourne,Mid,MID,MID,15,93,25,68,386.2,6.473329881,2019,92.6,92.8,93.16666667
285,JamesParsons12513,JParsonsGEE,Geelong,GenF,MID,MID,4,66,16,18,380.1,4.209418574,2019,65.5,65.75,64.5
289,JamesWorpel12619,JWorpelHAW,Hawthorn,Mid,MID,MID,15,101,28,68,376.5,7.436918991,2019,101.3333333,101.1666667,102.4166667
293,JaredPolec11927,JPolecNME,North Melbourne,Mid,MID,MID,15,90,24,68,367.9,6.523511824,2019,90.26666667,90.13333333,91.66666667
296,JarrodBerry12519,JBerryBRI,Brisbane Lions,Mid,MID,MID,11,79,19,50,373.5,5.087014726,2019,79,80.35714286,78.1
304,JarrydLyons12067,JLyonsBRI,Brisbane Lions,Mid,MID,MID,15,106,25,68,373.5,6.693440428,2019,106.0666667,106.0333333,107.5833333
316,JedAnderson12154,JAndersonNME,North Melbourne,Mid,MID,MID,11,76,19,50,367.9,5.164446861,2019,76.18181818,76.09090909,76.55555556
328,JoelSelwood11538,JSelwoodGEE,Geelong,Mid,MID,MID,15,79,20,68,380.1,5.261773218,2019,78.53333333,89.23333333,78.16666667
333,JordanClark12688,JClarkGEE,Geelong,GenD,DEF,MID,12,69,16,55,380.1,4.209418574,2019,68.75,68.875,67.11111111
347,JoshDaicos12573,JDaicosCOL,Collingwood,GenF,FWD,MID,5,63,17,23,399.2,4.258517034,2019,63.2,66.5,63.2
349,JoshDunkley12408,JDunkleyWBD,Western Bulldogs,Mid,FWD,MID,15,119,31,68,387.6,7.997936017,2019,118.5333333,118.7666667,121.75
351,JoshKelly12255,JKellyGWS,Greater Western Sydney,KeyD,MID,MID,8,119,30,36,377.9,7.938608097,2019,119.375,119.1875,113.3333333
362,JyeCaldwell12755,JCaldwellGWS,Greater Western Sydney,Mid,MID,MID,2,55,12,9,377.9,3.175443239,2019,55,55,55
365,KadeKolodjashnij12256,KKolodjashnijMEL,Melbourne,GenD,DEF,MID,1,36,5,5,386.2,1.294665976,2019,36,61.66666667,36
368,KamdynMcIntosh12317,KMcIntoshRIC,Richmond,NA,NA,MID,9,56,13,41,366.8,3.544165758,2019,56.33333333,60.14285714,55.83333333
371,KarlAmon12357,KAmonPOR,Port Adelaide,Mid,MID,MID,14,77,20,64,375.5,5.326231691,2019,77.42857143,79.5,74.54545455
377,KyronHayden12739,KHaydenNME,North Melbourne,Mid,MID,MID,1,27,4,5,367.9,1.087251971,2019,27,27,27
378,LachieFogarty12596,LFogartyGEE,Geelong,Mid,MID,MID,2,49,10,9,380.1,2.630886609,2019,49,50.45,49
380,LachieHunter12203,LHunterWBD,Western Bulldogs,Mid,MID,MID,15,99,27,68,387.6,6.965944272,2019,99.06666667,102.4333333,101.1666667
381,LachieNeale12055,LNealeBRI,Brisbane Lions,Mid,MID,MID,15,103,30,68,373.5,8.032128514,2019,103.4666667,105.5,107.5
404,LiamShiels11760,LShielsHAW,Hawthorn,Mid,MID,MID,15,92,23,68,376.5,6.108897742,2019,91.73333333,94.56666667,92.58333333
412,LukeDunstan12247,LDunstanSTK,St Kilda,Mid,MID,MID,15,84,22,68,388.7,5.659891948,2019,83.86666667,92,84.91666667
415,LukeParker11953,LParkerSYD,Sydney,MF,MID,MID,15,100,25,68,371.7,6.725854183,2019,99.93333333,106.5,98.58333333
417,LukeShuey11805,LShueyWCE,West Coast,Mid,MID,MID,15,103,27,68,356.1,7.582139848,2019,102.9333333,109.5,101.5
420,MarcMurphy4148,MMurphyCAR,Carlton,Mid,MID,MID,12,102,27,55,347,7.780979827,2019,101.9166667,105.8666667,102.3636364
423,MarcusBontempelli12269,MBontempelliWBD,Western Bulldogs,Mid,MID,MID,15,107,27,68,387.6,6.965944272,2019,106.6,106.8,106.1666667
426,MarkHutchings12187,MHutchingsWCE,West Coast,Mid,MID,MID,9,49,12,41,356.1,3.369839933,2019,49,60.66666667,43
436,MattCrouch12258,MCrouchADE,Adelaide,Mid,MID,MID,13,110,33,59,383,8.61618799,2019,109.6923077,109.8461538,107.8333333
437,MattGuelfi12612,MGuelfiESS,Essendon,GenF,FWD,MID,11,55,13,50,381.6,3.406708595,2019,55.09090909,57.72727273,51.375
456,MitchDuncan11798,MDuncanGEE,Geelong,Mid,MID,MID,15,102,26,68,380.1,6.840305183,2019,101.5333333,105.1785714,102.3333333
458,MitchHinge12727,MHingeBRI,Brisbane Lions,GenD,DEF,MID,1,68,14,5,373.5,3.74832664,2019,68,68,68
461,MitchRobinson11710,MRobinsonBRI,Brisbane Lions,Mid,MID,MID,15,91,21,68,373.5,5.62248996,2019,90.66666667,92,93.91666667
463,NatFyfe11834,NFyfeFRE,Fremantle,Mid,MID,MID,14,107,29,64,363.1,7.986780501,2019,106.8571429,106.9285714,104.6363636
484,OlegMarkov12459,OMarkovRIC,Richmond,GenF,FWD,MID,1,37,8,5,366.8,2.181025082,2019,37,41,37
485,OliverFlorent12497,OFlorentSYD,Sydney,MF,MID,MID,14,67,19,64,371.7,5.111649179,2019,66.71428571,69.5,66.36363636
487,OllieWines12150,OWinesPOR,Port Adelaide,Mid,MID,MID,7,95,25,32,375.5,6.657789614,2019,94.85714286,99.0625,94.85714286
493,OskarBaker12723,OBakerMEL,Melbourne,GenF,FWD,MID,8,58,14,36,386.2,3.625064733,2019,58,58,50.83333333
496,PatrickCripps12261,PCrippsCAR,Carlton,Mid,MID,MID,13,99,28,59,347,8.069164265,2019,98.61538462,105.3333333,103
497,PatrickDangerfield11700,PDangerfieldGEE,Geelong,Mid,MID,MID,14,114,29,64,380.1,7.629571165,2019,113.7142857,120.0357143,115
499,PatrickNaish12733,PNaishRIC,Richmond,GenF,FWD,MID,2,74,20,9,366.8,5.452562704,2019,73.5,73.75,73.5
501,PatrickWilson12645,PWilsonADE,Adelaide,Ruck,RU,MID,1,59,15,5,383,3.916449086,2019,59,59,59
504,PaulSeedsman12035,PSeedsmanADE,Adelaide,Mid,MID,MID,12,75,20,55,383,5.221932115,2019,74.75,80.5,79.9
510,QuintonNarkle12651,QNarkleGEE,Geelong,Mid,MID,MID,3,85,21,14,380.1,5.524861878,2019,84.66666667,84.83333333,84.66666667
511,ReeceConca11888,RConcaFRE,Fremantle,GenD,DEF,MID,15,73,20,68,363.1,5.508124484,2019,72.6,74.75,72.58333333
517,RickyHenderson11832,RHendersonHAW,Hawthorn,Mid,FWD,MID,15,94,23,68,376.5,6.108897742,2019,93.93333333,93.96666667,91.16666667
526,RoryAtkins12381,RAtkinsADE,Adelaide,Mid,MID,MID,13,83,22,59,383,5.744125326,2019,82.76923077,82.88461538,79.6
529,RorySloane11792,RSloaneADE,Adelaide,Mid,MID,MID,15,96,24,68,383,6.266318538,2019,95.93333333,99.53333333,95.5
531,RupertWills12468,RWillsCOL,Collingwood,Mid,MID,MID,5,69,17,23,399.2,4.258517034,2019,68.8,68.9,75
534,RyanClarke12461,RClarkeSYD,Sydney,GenD,DEF,MID,11,60,17,50,371.7,4.573580845,2019,60.36363636,65.31818182,66.625
547,SamMenegola12464,SMenegolaGEE,Geelong,Mid,MID,MID,4,78,18,18,380.1,4.735595896,2019,77.5,89.80769231,76.33333333
555,SamWalsh12684,SWalshCAR,Carlton,Mid,MID,MID,15,92,26,68,347,7.492795389,2019,92.46666667,92.23333333,94.83333333
559,ScottPendlebury4182,SPendleburyCOL,Collingwood,Mid,MID,MID,15,105,27,68,399.2,6.763527054,2019,105.3333333,107.5555556,103.0833333
564,SebastianRoss12132,SRossSTK,St Kilda,Mid,MID,MID,15,94,25,68,388.7,6.431695395,2019,94,103.0714286,97.5
572,ShaunHiggins4180,SHigginsNME,North Melbourne,Mid,MID,MID,11,94,27,50,367.9,7.338950802,2019,93.63636364,95.46666667,91.75
574,SteeleSidebottom11751,SSidebottomCOL,Collingwood,Mid,MID,MID,14,97,25,64,399.2,6.26252505,2019,96.78571429,102.3333333,102.9090909
576,StephenConiglio12028,SConiglioGWS,Greater Western Sydney,Mid,MID,MID,9,103,25,41,377.9,6.615506748,2019,103.2222222,107.8214286,84.5
584,TaylorAdams12066,TAdamsCOL,Collingwood,Mid,MID,MID,5,106,27,23,399.2,6.763527054,2019,105.6,109.5,105.6
593,TimTaranto12504,TTarantoGWS,Greater Western Sydney,Mid,MID,MID,15,112,28,68,377.9,7.409367558,2019,111.5333333,111.7666667,110.9166667
612,TomLiberatore11898,TLiberatoreWBD,Western Bulldogs,Mid,MID,MID,8,75,21,36,387.6,5.417956656,2019,74.875,75.125,62.4
618,TomPhillips12452,TPhillipsCOL,Collingwood,Mid,MID,MID,15,88,23,68,399.2,5.761523046,2019,87.8,91.43333333,89.5
619,TomRockliff11787,TRockliffPOR,Port Adelaide,Mid,MID,MID,11,99,28,50,375.5,7.456724368,2019,98.63636364,98.81818182,92
620,TomScully11802,TScullyHAW,Hawthorn,Mid,MID,MID,14,63,18,64,376.5,4.780876494,2019,63.35714286,69.21428571,62.91666667
624,ToukMiller12331,TMillerGCS,Gold Coast,Mid,MID,MID,12,89,22,55,339.9,6.472491909,2019,88.75,88.875,88.54545455
625,TravisBoak11583,TBoakPOR,Port Adelaide,Mid,FWD,MID,14,104,29,64,375.5,7.723035952,2019,103.9285714,103.9642857,100.5454545
628,TrentCotchin11666,TCotchinRIC,Richmond,Mid,MID,MID,10,71,21,45,366.8,5.72519084,2019,71.4,82.93333333,67.625
629,TrentDumont12343,TDumontNME,North Melbourne,Mid,MID,MID,14,81,22,64,367.9,5.979885839,2019,81.07142857,81.96666667,80.09090909
633,WillBrodie12541,WBrodieGCS,Gold Coast,Mid,MID,MID,6,91,22,27,339.9,6.472491909,2019,91.16666667,91.08333333,91.16666667
634,WillemDrew12695,WDrewPOR,Port Adelaide,Mid,MID,MID,4,80,19,18,375.5,5.059920107,2019,79.5,79.75,77.33333333
635,WillHayes12716,WHayesWBD,Western Bulldogs,Mid,MID,MID,3,82,18,14,387.6,4.643962848,2019,82.33333333,82.16666667,82.33333333
640,WillSetterfield12567,WSetterfieldCAR,Carlton,Mid,MID,MID,14,70,17,64,347,4.899135447,2019,70.21428571,70.10714286,70.83333333
642,WilPowell12652,WPowellGCS,Gold Coast,Mid,MID,MID,8,55,12,36,339.9,3.530450132,2019,55.125,55.0625,44.8
643,XavierDuursma12696,XDuursmaPOR,Port Adelaide,GenD,MID,MID,13,84,20,59,375.5,5.326231691,2019,84.07692308,84.03846154,82.6
647,ZachMerrett12241,ZMerrettESS,Essendon,Mid,MID,MID,15,103,27,68,381.6,7.075471698,2019,102.8,108.0357143,106.0833333
3,AaronNaughton12594,ANaughtonWBD,Western Bulldogs,KeyF,DEF,FWD,15,64,11,68,387.6,2.837977296,2019,64.2,64.1,66.08333333
15,AlexNeal-Bullen12367,ANeal-BullenMEL,Melbourne,NA,NA,FWD,10,64,14,45,386.2,3.625064733,2019,64.3,72.56666667,63.88888889
18,AlexSexton12080,ASextonGCS,Gold Coast,GenF,FWD,FWD,15,59,11,68,339.9,3.236245955,2019,58.73333333,61.1,59.5
21,AllenChristensen11920,AChristensenBRI,Brisbane Lions,GenD,FWD,FWD,9,63,12,41,373.5,3.212851406,2019,62.66666667,67.53333333,62.66666667
22,AndrewBrayshaw12589,ABrayshawFRE,Fremantle,Mid,MID,FWD,15,74,17,68,363.1,4.681905811,2019,74.33333333,74.16666667,76.33333333
29,AnthonyMcDonald-Tipungwuti12407,AMcDonald-TipungwutiESS,Essendon,NA,NA,FWD,15,58,11,68,381.6,2.882599581,2019,58.26666667,63.7,60.25
33,BaileyBanfield12588,BBanfieldFRE,Fremantle,Mid,MID,FWD,6,57,14,27,363.1,3.855687139,2019,56.66666667,61.19230769,52.2
34,BaileyDale12354,BDaleWBD,Western Bulldogs,GenF,FWD,FWD,9,69,13,41,387.6,3.353973168,2019,69.44444444,69.23076923,73
35,BaileyScott12701,BScottNME,North Melbourne,MF,MID,FWD,2,64,15,9,367.9,4.07719489,2019,63.5,63.75,30
36,BaileySmith12692,BSmithWBD,Western Bulldogs,Mid,MID,FWD,15,66,17,68,387.6,4.385964912,2019,66.06666667,80.5,67.58333333
38,BayleyFritsch12598,BFritschMEL,Melbourne,GenD,FWD,FWD,15,81,17,68,386.2,4.401864319,2019,81.13333333,81.06666667,84.25
40,BenAinsworth12498,BAinsworthGCS,Gold Coast,Mid,MID,FWD,6,59,15,27,339.9,4.413062665,2019,59,66.5,71.5
41,BenBrown12289,BBrownNME,North Melbourne,KeyF,FWD,FWD,15,77,12,68,367.9,3.261755912,2019,77.26666667,77.13333333,77.41666667
44,BenDavis12737,BDavisADE,Adelaide,GenF,FWD,FWD,1,27,7,5,383,1.82767624,2019,27,32,27
46,BenKing12728,BKingGCS,Gold Coast,KeyD,FWD,FWD,13,41,7,59,339.9,2.059429244,2019,41.46153846,41.23076923,43.27272727
47,BenLong12521,BLongSTK,St Kilda,GenF,FWD,FWD,11,58,10,50,388.7,2.572678158,2019,58.09090909,58.04545455,56
52,BenReid11589,BReidCOL,Collingwood,KeyD,FWD,FWD,4,45,9,18,399.2,2.254509018,2019,45.25,54.65,41
53,BenRonke12616,BRonkeSYD,Sydney,GenF,FWD,FWD,9,55,11,41,371.7,2.959375841,2019,54.66666667,57.19230769,54.66666667
56,BillyGowers12593,BGowersWBD,Western Bulldogs,GenF,FWD,FWD,3,54,10,14,387.6,2.57997936,2019,54.33333333,58.26923077,53
62,BradEbert11639,BEbertPOR,Port Adelaide,Mid,MID,FWD,6,79,16,27,375.5,4.260985353,2019,79.33333333,90,73.4
66,BrandanParfitt12506,BParfittGEE,Geelong,MF,FWD,FWD,11,74,19,50,380.1,4.998684557,2019,74.27272727,74.13636364,70.125
68,BrandonMatera11915,BMateraFRE,Fremantle,GenF,FWD,FWD,13,60,12,59,363.1,3.30487469,2019,59.53846154,69.375,60
73,BraydenHam12713,BHamESS,Essendon,Mid,MID,FWD,2,52,12,9,381.6,3.144654088,2019,52.5,52.25,52.5
77,BraydonPreuss12500,BPreussMEL,Melbourne,Ruck,RU,FWD,5,50,8,23,386.2,2.071465562,2019,50,56.33333333,50
79,BrennanCox12544,BCoxFRE,Fremantle,KeyF,FWD,FWD,5,52,10,23,363.1,2.754062242,2019,52.4,55.88461538,56.33333333
80,BrentDaniels12656,BDanielsGWS,Greater Western Sydney,GenF,MID,FWD,15,65,15,68,377.9,3.969304049,2019,64.6,64.8,63.25
81,BrettBewley12731,BBewleyFRE,Fremantle,Mid,MID,FWD,7,55,14,32,363.1,3.855687139,2019,54.57142857,72,56.2
85,BrodyMihocek12639,BMihocekCOL,Collingwood,KeyF,DEF,FWD,15,74,14,68,399.2,3.507014028,2019,74.33333333,78,77
93,CallumColeman-Jones12730,CColeman-JonesRIC,Richmond,NA,NA,FWD,1,66,13,5,366.8,3.544165758,2019,66,66,64
100,CameronPolson12523,CPolsonCAR,Carlton,GenF,FWD,FWD,1,49,14,5,347,4.034582133,2019,49,49,49
101,CameronSutcliffe12104,CSutcliffePOR,Port Adelaide,GenD,DEF,FWD,5,50,11,23,375.5,2.92942743,2019,50.2,55.55,50.2
102,CameronZurhaar12557,CZurhaarNME,North Melbourne,GenF,FWD,FWD,13,63,12,59,367.9,3.261755912,2019,63.46153846,63.23076923,60.27272727
103,CamMcCarthy12315,CMcCarthyFRE,Fremantle,KeyF,FWD,FWD,8,60,12,36,363.1,3.30487469,2019,59.625,59.8125,52.57142857
104,CamRayner12592,CRaynerBRI,Brisbane Lions,MF,MID,FWD,15,49,10,68,373.5,2.677376171,2019,48.53333333,48.76666667,46.16666667
105,CedricCox12522,CCoxBRI,Brisbane Lions,KeyD,DEF,FWD,1,44,9,5,373.5,2.409638554,2019,44,47.33333333,44
106,ChadWingard12047,CWingardHAW,Hawthorn,MF,MID,FWD,9,86,21,41,376.5,5.577689243,2019,85.77777778,93,92.28571429
109,CharlieCameron12277,CCameronBRI,Brisbane Lions,GenF,FWD,FWD,15,67,12,68,373.5,3.212851406,2019,67.26666667,67.13333333,68.66666667
111,CharlieCurnow12421,CCurnowCAR,Carlton,GenF,FWD,FWD,7,61,11,32,347,3.170028818,2019,60.71428571,67.5,56
112,CharlieDixon11914,CDixonPOR,Port Adelaide,KeyF,FWD,FWD,9,56,11,41,375.5,2.92942743,2019,56.44444444,67.5625,56.44444444
113,CharlieSpargo12622,CSpargoMEL,Melbourne,Mid,MID,FWD,6,52,12,27,386.2,3.107198343,2019,52,55.22727273,54
114,ChayceJones12691,CJonesADE,Adelaide,MF,MID,FWD,5,55,13,23,383,3.394255875,2019,55.2,55.1,60.66666667
118,ChristianPetracca12430,CPetraccaMEL,Melbourne,MF,MID,FWD,15,79,20,68,386.2,5.178663905,2019,78.53333333,84.5,79.83333333
125,ConnorRozee12697,CRozeePOR,Port Adelaide,GenF,FWD,FWD,15,69,15,68,375.5,3.994673768,2019,69.13333333,77,71.83333333
128,ConorNash12670,CNashHAW,Hawthorn,GenD,DEF,FWD,11,43,9,50,376.5,2.390438247,2019,42.72727273,51.66666667,42.4
130,CoreyWagner12453,CWagnerMEL,Melbourne,Mid,MID,FWD,8,56,12,36,386.2,3.107198343,2019,56.125,56.0625,56.33333333
131,CurtisTaylor12722,CTaylorNME,North Melbourne,GenF,MID,FWD,1,11,4,5,367.9,1.087251971,2019,11,29,11
139,DanielLloyd12532,DLloydGWS,Greater Western Sydney,GenF,FWD,FWD,7,55,14,32,377.9,3.704683779,2019,54.71428571,63,53.16666667
141,DanielMcStay12291,DMcStayBRI,Brisbane Lions,KeyF,DEF,FWD,15,49,10,68,373.5,2.677376171,2019,49.13333333,50.64285714,49.16666667
144,DanielRioli12403,DRioliRIC,Richmond,GenF,FWD,FWD,14,58,13,64,366.8,3.544165758,2019,57.92857143,63.5,57.41666667
146,DanielVenables12602,DVenablesWCE,West Coast,MF,MID,FWD,2,49,11,9,356.1,3.089019938,2019,49,49,56
149,DarcyFogarty12584,DFogartyADE,Adelaide,KeyF,FWD,FWD,4,59,10,18,383,2.610966057,2019,59.25,59.125,59.25
150,DarcyFort12724,DFortGEE,Geelong,Ruck,RU,FWD,2,44,7,9,380.1,1.841620626,2019,43.5,44,46
152,DarcyLang12286,DLangCAR,Carlton,GenF,FWD,FWD,8,46,8,36,347,2.305475504,2019,45.875,53.66666667,47.14285714
153,DarcyMacPherson12438,DMacPhersonGCS,Gold Coast,NA,NA,FWD,15,87,19,68,339.9,5.589879376,2019,87.4,93,85.41666667
155,DarcyParish12406,DParishESS,Essendon,Mid,MID,FWD,13,80,21,59,381.6,5.503144654,2019,80,80.16666667,75.81818182
156,DarcyTucker12426,DTuckerFRE,Fremantle,GenD,DEF,FWD,15,76,19,68,363.1,5.232718259,2019,75.86666667,79,76.16666667
160,DavidCuningham12476,DCuninghamCAR,Carlton,MF,MID,FWD,6,61,15,27,347,4.322766571,2019,61.33333333,63.07142857,51.33333333
170,DeanKent12184,DKentSTK,St Kilda,GenF,FWD,FWD,6,56,12,27,388.7,3.08721379,2019,55.83333333,66,60.33333333
172,DevonSmith12029,DSmithESS,Essendon,MF,FWD,FWD,2,90,21,9,381.6,5.503144654,2019,89.5,101.1333333,86
178,DustinMartin11794,DMartinRIC,Richmond,Mid,MID,FWD,14,100,29,64,366.8,7.906215921,2019,99.71428571,107.9333333,100.0909091
181,DylanMoore12710,DMooreHAW,Hawthorn,GenF,FWD,FWD,3,46,11,14,376.5,2.921646746,2019,46.33333333,46.16666667,46.33333333
189,EdRichards12605,ERichardsWBD,Western Bulldogs,GenD,DEF,FWD,12,50,12,55,387.6,3.095975232,2019,49.66666667,50.53571429,52.2
191,ElliottHimmelberg12675,EHimmelbergADE,Adelaide,KeyF,DEF,FWD,2,52,8,9,383,2.088772846,2019,51.5,58.5,52
193,EricHipwood12454,EHipwoodBRI,Brisbane Lions,KeyF,FWD,FWD,14,55,10,64,373.5,2.677376171,2019,54.57142857,67.5,60.45454545
194,EsavaRatugolea12597,ERatugoleaGEE,Geelong,KeyF,FWD,FWD,11,56,9,50,380.1,2.367797948,2019,56,56,58.11111111
198,GaryAblett1105,GAblettGEE,Geelong,Mid,MID,FWD,14,87,21,64,380.1,5.524861878,2019,86.78571429,99.6875,88.16666667
199,GaryRohan11842,GRohanGEE,Geelong,GenF,FWD,FWD,11,41,8,50,380.1,2.104709287,2019,41.09090909,54.09090909,40.75
204,GryanMiers12689,GMiersGEE,Geelong,GenF,FWD,FWD,15,61,14,68,380.1,3.683241252,2019,61.13333333,61.06666667,65.08333333
207,HarrisonHimmelberg12462,HHimmelbergGWS,Greater Western Sydney,KeyF,FWD,FWD,14,63,12,64,377.9,3.175443239,2019,63,63.93333333,60.36363636
209,HarryMcKay12566,HMcKayCAR,Carlton,KeyF,FWD,FWD,13,62,10,59,347,2.88184438,2019,62.30769231,62.75,60.8
210,HarryMorrison12579,HMorrisonHAW,Hawthorn,Mid,Mid,FWD,4,48,11,18,376.5,2.921646746,2019,48.25,61.5,42.5
212,HarryPetty12653,HPettyMEL,Melbourne,KeyD,DEF,FWD,9,50,9,41,386.2,2.330398757,2019,50.22222222,50.11111111,53.875
220,HughDixon12760,HDixonFRE,Fremantle,KeyF,FWD,FWD,4,35,8,18,363.1,2.203249793,2019,35,35,35
226,IsaacHeeney12326,IHeeneySYD,Sydney,Mid,MID,FWD,15,89,20,68,371.7,5.380683347,2019,89.4,95,91.83333333
233,JackDarling11905,JDarlingWCE,West Coast,KeyF,FWD,FWD,15,80,13,68,356.1,3.650659927,2019,80.26666667,80.13333333,78.16666667
235,JackGunston11845,JGunstonHAW,Hawthorn,KeyF,FWD,FWD,13,79,16,59,376.5,4.249667995,2019,78.84615385,83.53333333,73.5
237,JackHiggins12609,JHigginsRIC,Richmond,MF,MID,FWD,6,58,14,27,366.8,3.816793893,2019,58.33333333,59.92307692,50
239,JackLonie12324,JLonieSTK,St Kilda,GenF,FWD,FWD,9,68,14,41,388.7,3.601749421,2019,68,68.55555556,65
241,JackLukosius12704,JLukosiusGCS,Gold Coast,KeyF,FWD,FWD,15,57,12,68,339.9,3.530450132,2019,56.66666667,56.83333333,59.58333333
246,JackPetruccelle12623,JPetruccelleWCE,West Coast,GenF,MID,FWD,12,47,10,55,356.1,2.808199944,2019,46.83333333,46.91666667,48.66666667
248,JackRiewoldt11576,JRiewoldtRIC,Richmond,KeyF,FWD,FWD,9,56,11,41,366.8,2.998909487,2019,56.33333333,69.93333333,59.375
251,JackSilvagni12458,JSilvagniCAR,Carlton,GenF,FWD,FWD,12,65,14,55,347,4.034582133,2019,65.16666667,65.08333333,69
252,JackSinclair12325,JSinclairSTK,St Kilda,MF,FWD,FWD,15,64,17,68,388.7,4.373552869,2019,64.46666667,70.88461538,62.58333333
261,JackZiebell11724,JZiebellNME,North Melbourne,MF,MID,FWD,15,89,20,68,367.9,5.436259853,2019,89.33333333,91.625,94.25
264,JacobHeron12634,JHeronGCS,Gold Coast,GenD,DEF,FWD,5,45,11,23,339.9,3.236245955,2019,45.4,45.2,45.4
268,JadeGresham12415,JGreshamSTK,St Kilda,MF,MID,FWD,12,90,23,55,388.7,5.917159763,2019,89.83333333,89.91666667,91.44444444
270,JaidynStephenson12587,JStephensonCOL,Collingwood,MF,MID,FWD,5,82,15,23,399.2,3.75751503,2019,82.2,82.1,100
276,JakeMelksham11820,JMelkshamMEL,Melbourne,MF,Mid,FWD,6,69,14,27,386.2,3.625064733,2019,69,71.8,66.6
278,JakeStringer12167,JStringerESS,Essendon,MF,FWD,FWD,11,60,12,50,381.6,3.144654088,2019,60.27272727,66.5,63
279,JakeWaterman12601,JWatermanWCE,West Coast,KeyF,FWD,FWD,10,61,12,45,356.1,3.369839933,2019,61.1,61.05,60.28571429
281,JamesBell12753,JBellSYD,Sydney,Mid,MID,FWD,2,37,7,9,371.7,1.883239171,2019,37,37,37
287,JamesRowbottom12714,JRowbottomSYD,Sydney,Mid,MID,FWD,9,70,15,41,371.7,4.03551251,2019,70.44444444,70.22222222,70.44444444
290,JamieCripps11937,JCrippsWCE,West Coast,GenF,FWD,FWD,10,63,12,45,356.1,3.369839933,2019,63,72.7,57.875
291,JamieElliott12083,JElliottCOL,Collingwood,GenF,FWD,FWD,9,69,11,41,399.2,2.755511022,2019,68.66666667,73.5,67.375
297,JarrodBrander12646,JBranderWCE,West Coast,KeyF,FWD,FWD,1,48,8,5,356.1,2.246559955,2019,48,54.5,41
299,JarrodCameron12736,JCameronWCE,West Coast,MF,MID,FWD,7,51,8,32,356.1,2.246559955,2019,50.57142857,50.78571429,50.57142857
308,JasonCastagna12431,JCastagnaRIC,Richmond,GenF,FWD,FWD,14,73,16,64,366.8,4.362050164,2019,72.71428571,72.85714286,73.58333333
311,JaydenHunt4729,JHuntMEL,Melbourne,GenF,DEF,FWD,14,50,11,64,386.2,2.848265148,2019,50.21428571,60.5,49.72727273
312,JaydenLaverde12377,JLaverdeESS,Essendon,GenD,FWD,FWD,9,59,12,41,381.6,3.144654088,2019,58.55555556,63,55.42857143
315,JayLockhart12706,JLockhartMEL,Melbourne,GenD,DEF,FWD,7,47,11,32,386.2,2.848265148,2019,47,47,47.66666667
319,JeremyCameron12017,JCameronGWS,Greater Western Sydney,KeyF,FWD,FWD,13,83,15,59,377.9,3.969304049,2019,83.38461538,83.45454545,81.5
320,JeremyFinlayson12553,JFinlaysonGWS,Greater Western Sydney,KeyF,DEF,FWD,12,68,13,55,377.9,3.440063509,2019,67.5,67.75,62
323,JesseHogan12321,JHoganFRE,Fremantle,KeyF,FWD,FWD,5,55,14,23,363.1,3.855687139,2019,55.2,71.80769231,61
330,JonathonCeglar12210,JCeglarHAW,Hawthorn,Ruck,RU,FWD,11,75,13,50,376.5,3.452855246,2019,74.63636364,74.81818182,79.125
335,JordanDawson12516,JDawsonSYD,Sydney,GenD,FWD,FWD,13,79,19,59,371.7,5.111649179,2019,79.07692308,79.03846154,84.4
337,JordanGallucci12534,JGallucciADE,Adelaide,MF,MID,FWD,6,57,12,27,383,3.133159269,2019,56.66666667,56.90909091,54.25
343,JoshBegley12574,JBegleyESS,Essendon,GenF,FWD,FWD,7,51,12,32,381.6,3.144654088,2019,51.42857143,54.25,51.6
345,JoshCaddy12010,JCaddyRIC,Richmond,MF,FWD,FWD,9,69,17,41,366.8,4.634678299,2019,69.44444444,73.06666667,65.42857143
346,JoshCorbett12719,JCorbettGCS,Gold Coast,GenD,FWD,FWD,5,34,7,23,339.9,2.059429244,2019,34,34,29.33333333
355,JoshSchache12416,JSchacheWBD,Western Bulldogs,KeyF,FWD,FWD,11,61,11,50,387.6,2.837977296,2019,60.90909091,60.95454545,63.2
356,JoshSchoenfeld12466,JSchoenfeldGCS,Gold Coast,Mid,MID,FWD,1,31,10,5,339.9,2.942041777,2019,31,43.66666667,59
358,JoshThomas12144,JThomasCOL,Collingwood,GenF,FWD,FWD,13,59,15,59,399.2,3.75751503,2019,59.23076923,64.03333333,62.9
361,JustinWesthoff11579,JWesthoffPOR,Port Adelaide,GenF,FWD,FWD,13,82,18,59,375.5,4.793608522,2019,82.07692308,93.26666667,78.4
363,JySimpkin12502,JSimpkinNME,North Melbourne,MF,FWD,FWD,15,64,18,68,367.9,4.892633868,2019,63.53333333,76.5,65
364,KadeChandler12756,KChandlerMEL,Melbourne,Mid,MID,FWD,1,60,7,5,386.2,1.812532367,2019,60,60,60
369,KaneFarrell12664,KFarrellPOR,Port Adelaide,GenF,FWD,FWD,5,39,7,23,375.5,1.864181092,2019,39.4,44.2,40.66666667
370,KaneLambert12333,KLambertRIC,Richmond,MF,MID,FWD,11,83,21,50,366.8,5.72519084,2019,82.81818182,85.67857143,79.9
372,KayneTurner12304,KTurnerNME,North Melbourne,MF,FWD,FWD,14,55,12,64,367.9,3.261755912,2019,54.71428571,56.125,55.09090909
374,KyleDunkley12742,KDunkleyMEL,Melbourne,Mid,MID,FWD,5,49,10,23,386.2,2.589331952,2019,49,49,49
376,KyleLangford12349,KLangfordESS,Essendon,GenF,FWD,FWD,15,70,17,68,381.6,4.454926625,2019,69.8,76,66.75
383,LachieSchultz12700,LSchultzFRE,Fremantle,GenF,FWD,FWD,6,49,12,27,363.1,3.30487469,2019,49,49,42.2
385,LachieWhitfield12143,LWhitfieldGWS,Greater Western Sydney,GenD,MID,FWD,11,109,28,50,377.9,7.409367558,2019,109,109,112
388,LachlanKeeffe11991,LKeeffeGWS,Greater Western Sydney,KeyD,DEF,FWD,9,44,8,41,377.9,2.116962159,2019,43.77777778,43.88888889,39.57142857
389,LachlanMurphy12585,LMurphyADE,Adelaide,GenF,FWD,FWD,14,50,10,64,383,2.610966057,2019,50.42857143,57,53.63636364
390,LanceFranklin4065,LFranklinSYD,Sydney,KeyF,FWD,FWD,7,68,11,32,371.7,2.959375841,2019,68.42857143,83.03333333,83.25
391,LeviCasboult12114,LCasboultCAR,Carlton,KeyD,FWD,FWD,13,71,12,59,347,3.458213256,2019,70.84615385,76.5,72.27272727
400,LiamBaker12661,LBakerRIC,Richmond,GenF,FWD,FWD,10,66,17,45,366.8,4.634678299,2019,66.1,66.05,57.375
403,LiamRyan12600,LRyanWCE,West Coast,GenF,FWD,FWD,15,55,12,68,356.1,3.369839933,2019,55.06666667,73,55.83333333
406,LincolnMcCarthy12090,LMcCarthyBRI,Brisbane Lions,GenF,FWD,FWD,15,64,13,68,373.5,3.480589023,2019,63.86666667,63.93333333,65.41666667
408,LukeBreust11954,LBreustHAW,Hawthorn,GenF,FWD,FWD,15,64,14,68,376.5,3.718459495,2019,64.46666667,73.36666667,65.5
410,LukeDahlhaus11974,LDahlhausGEE,Geelong,MF,MID,FWD,14,78,18,64,380.1,4.735595896,2019,78.21428571,80.76666667,75.27272727
411,LukeDavies-Uniacke12590,LDavies-UniackeNME,North Melbourne,NA,NA,FWD,10,54,15,45,367.9,4.07719489,2019,54,54,53
419,MabiorChol12485,MCholRIC,Richmond,KeyF,RU,FWD,9,55,8,41,366.8,2.181025082,2019,54.77777778,54.88888889,54.77777778
431,MasonCox12428,MCoxCOL,Collingwood,KeyF,RU,FWD,10,50,9,45,399.2,2.254509018,2019,50.5,59.33333333,50
433,MasonWood12312,MWoodNME,North Melbourne,KeyF,FWD,FWD,12,60,12,55,367.9,3.261755912,2019,59.66666667,62.3,56.11111111
434,MattBuntine12082,MBuntineGWS,Greater Western Sydney,GenD,DEF,FWD,3,59,12,14,377.9,3.175443239,2019,59,59,59
440,MatthewKennedy12455,MKennedyCAR,Carlton,Mid,MID,FWD,10,49,11,45,347,3.170028818,2019,48.7,57.625,49.875
442,MatthewParker12702,MParkerSTK,St Kilda,GenF,FWD,FWD,10,60,12,45,388.7,3.08721379,2019,59.6,59.8,55.71428571
443,MatthewTaberner12205,MTabernerFRE,Fremantle,KeyF,FWD,FWD,2,92,18,9,363.1,4.957312035,2019,91.5,91.75,92
448,MichaelGibbons12685,MGibbonsCAR,Carlton,MF,MID,FWD,14,66,16,64,347,4.610951009,2019,65.57142857,65.78571429,67.81818182
453,MichaelWalters11763,MWaltersFRE,Fremantle,Mid,MID,FWD,15,94,22,68,363.1,6.058936932,2019,94.26666667,94.13333333,93.41666667
455,MitchCrowden12604,MCrowdenFRE,Fremantle,Mid,MID,FWD,5,56,12,23,363.1,3.30487469,2019,56.2,56.1,56.2
457,MitchHannan12492,MHannanMEL,Melbourne,GenF,FWD,FWD,6,43,10,27,386.2,2.589331952,2019,42.66666667,50.10714286,44.2
459,MitchLewis12636,MLewisHAW,Hawthorn,KeyF,FWD,FWD,7,71,13,32,376.5,3.452855246,2019,71,71,73.16666667
460,MitchMcGovern12404,MMcGovernCAR,Carlton,KeyF,FWD,FWD,10,47,9,45,347,2.593659942,2019,47.3,58.27272727,48.5
462,MitchWallis11934,MWallisWBD,Western Bulldogs,Mid,MID,FWD,3,82,23,14,387.6,5.933952528,2019,82.33333333,82.16666667,99
471,NickBlakey12699,NBlakeySYD,Sydney,GenF,FWD,FWD,15,51,11,68,371.7,2.959375841,2019,51.13333333,51.06666667,54.33333333
474,NickHind12734,NHindSTK,St Kilda,GenD,MID,FWD,11,48,11,50,388.7,2.829945974,2019,48.27272727,48.13636364,48.27272727
475,NickHolman12307,NHolmanGCS,Gold Coast,MF,MID,FWD,5,64,13,23,339.9,3.82465431,2019,64,64.76666667,53.66666667
476,NickLarkey12563,NLarkeyNME,North Melbourne,KeyF,DEF,FWD,13,52,8,59,367.9,2.174503941,2019,52.15384615,52.07692308,51.72727273
483,NoahBalta12686,NBaltaRIC,Richmond,KeyF,FWD,FWD,6,44,9,27,366.8,2.453653217,2019,43.66666667,43.83333333,33.33333333
486,OliverHanrahan12738,OHanrahanHAW,Hawthorn,Mid,MID,FWD,9,52,13,41,376.5,3.452855246,2019,51.66666667,58,51.66666667
488,OrazioFantasia12302,OFantasiaESS,Essendon,MF,FWD,FWD,10,44,10,45,381.6,2.620545073,2019,44,62.05555556,44.44444444
489,OscarAllen12655,OAllenWCE,West Coast,KeyF,FWD,FWD,14,60,11,64,356.1,3.089019938,2019,59.85714286,59.92857143,58.81818182
491,OscarMcInerney12617,OMcInerneyBRI,Brisbane Lions,KeyF,RU,FWD,12,59,9,55,373.5,2.409638554,2019,59.33333333,59.16666667,63.8
494,PaddyDow12582,PDowCAR,Carlton,Mid,MID,FWD,12,51,13,55,347,3.746397695,2019,50.83333333,53.61538462,46.66666667
498,PatrickLipinski12578,PLipinskiWBD,Western Bulldogs,Mid,MID,FWD,13,85,22,59,387.6,5.675954592,2019,85.46153846,85.23076923,86.54545455
503,PaulPuopolo11942,PPuopoloHAW,Hawthorn,GenF,FWD,FWD,15,54,12,68,376.5,3.187250996,2019,54.26666667,60.25,53.91666667
506,PeterLadhams12729,PLadhamsPOR,Port Adelaide,Ruck,RU,FWD,5,66,15,23,375.5,3.994673768,2019,65.6,65.8,69.25
508,PeterWright12366,PWrightGCS,Gold Coast,KeyF,MID,FWD,10,66,12,45,339.9,3.530450132,2019,66.5,66.96875,64.71428571
513,RhyleeWest12748,RWestWBD,Western Bulldogs,Mid,MID,FWD,2,54,14,9,387.6,3.611971104,2019,53.5,53.75,53.5
514,RhysMathieson12443,RMathiesonBRI,Brisbane Lions,MF,FWD,FWD,5,65,16,23,373.5,4.283801874,2019,65,68.46153846,64.66666667
519,RileyKnight12375,RKnightADE,Adelaide,GenF,DEF,FWD,9,73,17,41,383,4.438642298,2019,73.22222222,73.33333333,72.71428571
520,RoarkeSmith12390,RSmithWBD,Western Bulldogs,GenD,DEF,FWD,5,52,12,23,387.6,3.095975232,2019,52,52,52
522,RobbieFox12510,RFoxSYD,Sydney,GenF,DEF,FWD,8,52,12,36,371.7,3.228410008,2019,52,52,53
523,RobbieGray11578,RGrayPOR,Port Adelaide,MF,FWD,FWD,15,86,23,68,375.5,6.125166445,2019,86.46666667,86.23333333,83
535,RyanGardner12732,RGardnerWBD,Western Bulldogs,KeyD,FWD,FWD,2,29,6,9,387.6,1.547987616,2019,29,39,18
541,SamDay11947,SDayGCS,Gold Coast,KeyF,FWD,FWD,10,64,12,45,339.9,3.530450132,2019,63.8,63.9,63.8
546,SamLloyd12263,SLloydWBD,Western Bulldogs,GenF,FWD,FWD,15,79,16,68,387.6,4.127966976,2019,79.06666667,79.03333333,76.91666667
549,SamPowell-Pepper12494,SPowell-PepperPOR,Port Adelaide,NA,NA,FWD,12,74,18,55,375.5,4.793608522,2019,74.41666667,75,76.22222222
551,SamReid11880,SReidSYD,Sydney,KeyF,FWD,FWD,15,71,12,68,371.7,3.228410008,2019,71.33333333,71.16666667,66.58333333
553,SamSwitkowski12672,SSwitkowskiFRE,Fremantle,GenF,FWD,FWD,12,60,12,55,363.1,3.30487469,2019,60.25,61.75,60.9
556,SamWeideman12475,SWeidemanMEL,Melbourne,KeyF,FWD,FWD,7,54,10,32,386.2,2.589331952,2019,53.71428571,58.33333333,49.6
563,SeanLemmens12234,SLemmensGCS,Gold Coast,GenD,DEF,FWD,7,53,11,32,339.9,3.236245955,2019,53.14285714,53.07142857,53.14285714
565,ShaiBolton12535,SBoltonRIC,Richmond,GenF,FWD,FWD,11,65,15,50,366.8,4.089422028,2019,64.81818182,74,68.11111111
573,ShaunMcKernan11774,SMcKernanESS,Essendon,Ruck,RU,FWD,14,67,13,64,381.6,3.406708595,2019,67.14285714,67.25,73.45454545
578,StephenHill11716,SHillFRE,Fremantle,Mid,MID,FWD,3,38,12,14,363.1,3.30487469,2019,37.66666667,57.10714286,37.66666667
580,StevenMotlop11818,SMotlopPOR,Port Adelaide,MF,MID,FWD,10,71,18,45,375.5,4.793608522,2019,70.8,71.03571429,71.28571429
582,TarrynThomas12707,TThomasNME,North Melbourne,MF,MID,FWD,14,54,11,64,367.9,2.989942919,2019,54.35714286,54.5,55.16666667
586,TaylorGarner12220,TGarnerNME,North Melbourne,GenF,FWD,FWD,6,61,14,27,367.9,3.805381897,2019,60.83333333,64.53846154,60.83333333
587,TaylorWalker11713,TWalkerADE,Adelaide,KeyF,FWD,FWD,15,63,12,68,383,3.133159269,2019,63,70.42307692,66.41666667
590,TimMembrey12300,TMembreySTK,St Kilda,KeyF,FWD,FWD,15,71,13,68,388.7,3.344481605,2019,71.06666667,71.8,70.66666667
594,TobyGreene12025,TGreeneGWS,Greater Western Sydney,GenF,FWD,FWD,12,101,24,55,377.9,6.350886478,2019,101.4166667,101.2083333,113.6666667
595,TobyMcLean12363,TMcLeanWBD,Western Bulldogs,MF,MID,FWD,11,64,16,50,387.6,4.127966976,2019,63.81818182,76.84615385,63.125
598,ToddMarshall12575,TMarshallPOR,Port Adelaide,KeyF,FWD,FWD,6,56,10,27,375.5,2.663115846,2019,56.33333333,59.5,57.6
599,TomAtkins12690,TAtkinsGEE,Geelong,Mid,MID,FWD,14,56,12,64,380.1,3.157063931,2019,55.5,55.75,53.63636364
603,TomCampbell12097,TCampbellNME,North Melbourne,Ruck,RU,FWD,1,40,8,5,367.9,2.174503941,2019,40,64.625,40
607,TomHawkins11548,THawkinsGEE,Geelong,KeyF,FWD,FWD,15,68,13,68,380.1,3.420152591,2019,68.2,79.1,64.16666667
613,TomLynch11865,TLynchADE,Adelaide,KeyF,FWD,FWD,9,84,19,41,383,4.960835509,2019,84.22222222,88.19230769,80.14285714
615,TomMcCartin12627,TMcCartinSYD,Sydney,KeyD,FWD,FWD,12,48,10,55,371.7,2.690341673,2019,48.08333333,50.5,48.1
616,TomMcDonald12009,TMcDonaldMEL,Melbourne,KeyF,FWD,FWD,8,69,15,36,386.2,3.883997929,2019,69.375,79.88461538,86
617,TomPapley12412,TPapleySYD,Sydney,GenF,FWD,FWD,15,76,15,68,371.7,4.03551251,2019,76,79.20833333,76.83333333
621,TomSparrow12693,TSparrowMEL,Melbourne,Mid,MID,FWD,2,52,11,9,386.2,2.848265148,2019,52,52,40
623,ToryDickson12043,TDicksonWBD,Western Bulldogs,GenF,FWD,FWD,12,60,12,55,387.6,3.095975232,2019,59.91666667,59.95833333,60.27272727
626,TravisColyer11821,TColyerFRE,Fremantle,MF,MID,FWD,4,62,16,18,363.1,4.406499587,2019,61.5,63.07142857,59.33333333
627,TravisVarcoe11549,TVarcoeCOL,Collingwood,GenF,DEF,FWD,12,52,12,55,399.2,3.006012024,2019,51.58333333,51.79166667,52.5
631,TysonStengle12552,TStengleADE,Adelaide,GenF,FWD,FWD,4,58,8,18,383,2.088772846,2019,58,58,58
636,WillHayward12509,WHaywardSYD,Sydney,GenF,FWD,FWD,9,57,12,41,371.7,3.228410008,2019,57.22222222,58.36666667,57.83333333
637,WillHoskin-Elliott12026,WHoskin-ElliottCOL,Collingwood,NA,NA,FWD,13,79,16,59,399.2,4.008016032,2019,78.92307692,83.93333333,80.18181818
638,WillieRioli12606,WRioliWCE,West Coast,GenF,FWD,FWD,12,64,14,55,356.1,3.931479921,2019,64.33333333,64.16666667,65.5
641,WillSnelling12484,WSnellingESS,Essendon,Mid,MID,FWD,3,72,18,14,381.6,4.716981132,2019,71.66666667,72,71.66666667
646,ZacFisher12520,ZFisherCAR,Carlton,Mid,FWD,FWD,14,55,15,64,347,4.322766571,2019,55.35714286,59.05,54.09090909
648,ZachSproule12758,ZSprouleGWS,Greater Western Sydney,KeyF,FWD,FWD,1,23,5,5,377.9,1.32310135,2019,23,23,23
650,ZacLangdon12599,ZLangdonGWS,Greater Western Sydney,GenF,FWD,FWD,2,42,8,9,377.9,2.116962159,2019,42,47.46666667,42
654,ZakButters12698,ZButtersPOR,Port Adelaide,Mid,MID,FWD,13,57,14,59,375.5,3.728362184,2019,57.46153846,57.23076923,54.4
1,AaronFrancis12467,AFrancisESS,Essendon,KeyF,DEF,DEF,12,52,13,55,381.6,3.406708595,2019,51.91666667,58.5,55.55555556
6,AdamCerra12603,ACerraFRE,Fremantle,Mid,MID,DEF,13,58,14,59,363.1,3.855687139,2019,57.69230769,59.89285714,59.9
7,AdamKennedy12031,AKennedyGWS,Greater Western Sydney,GenD,DEF,DEF,12,64,17,55,377.9,4.498544589,2019,63.83333333,67.28571429,65.22222222
8,AdamSaad12330,ASaadESS,Essendon,GenD,DEF,DEF,14,69,18,64,381.6,4.716981132,2019,68.92857143,84.5,67.90909091
11,AidanCorr12181,ACorrGWS,Greater Western Sydney,GenD,DEF,DEF,2,41,12,9,377.9,3.175443239,2019,41,46.65384615,41
16,AlexPearce12352,APearceFRE,Fremantle,KeyD,DEF,DEF,4,40,11,18,363.1,3.029468466,2019,40.5,40.25,24
17,AlexRance11733,ARanceRIC,Richmond,KeyD,DEF,DEF,1,24,6,5,366.8,1.635768811,2019,24,44.83333333,52
19,AlexWitherden12546,AWitherdenBRI,Brisbane Lions,GenD,DEF,DEF,14,68,17,64,373.5,4.551539491,2019,67.85714286,78.22222222,69.45454545
20,AliirAliir12433,AAliirSYD,Sydney,KeyD,DEF,DEF,15,68,16,68,371.7,4.304546677,2019,68.13333333,70.6,68.16666667
32,BacharHouli11566,BHouliRIC,Richmond,GenD,Def,DEF,14,104,29,64,366.8,7.906215921,2019,104.0714286,104.0357143,97.63636364
37,BaileyWilliams12441,BWilliamsWBD,Western Bulldogs,GenD,DEF,DEF,8,65,16,36,387.6,4.127966976,2019,65,71.5,70.4
39,BayleyFritsch12598,BFritschMEL,Melbourne,GenD,FWD,DEF,15,81,17,68,386.2,4.401864319,2019,81.13333333,81.06666667,84.25
49,BenMcKay12580,BMcKayNME,North Melbourne,KeyD,DEF,DEF,2,40,8,9,367.9,2.174503941,2019,39.5,39.75,32
51,BenPaton12671,BPatonSTK,St Kilda,GenD,DEF,DEF,7,58,13,32,388.7,3.344481605,2019,57.57142857,58.5,57.57142857
54,BenStratton11824,BStrattonHAW,Hawthorn,KeyD,DEF,DEF,13,35,9,59,376.5,2.390438247,2019,35,44,33.5
59,BlakeHardwick12469,BHardwickHAW,Hawthorn,GenD,DEF,DEF,15,69,17,68,376.5,4.515272244,2019,69.33333333,69.16666667,71.41666667
65,BradSheppard11843,BSheppardWCE,West Coast,GenD,DEF,DEF,15,81,19,68,356.1,5.335579893,2019,80.8,80.9,79.91666667
69,BrandonStarcevich12668,BStarcevichBRI,Brisbane Lions,GenF,FWD,DEF,1,31,7,5,373.5,1.87416332,2019,31,32.5,31
71,BrandonZerk-Thatcher12757,BZerk-ThatcherESS,Essendon,NA,NA,DEF,1,56,11,5,381.6,2.882599581,2019,56,56,56
74,BraydenMaynard12371,BMaynardCOL,Collingwood,GenD,DEF,DEF,15,75,19,68,399.2,4.759519038,2019,75.33333333,76.46428571,78
84,BrodieSmith11891,BSmithADE,Adelaide,GenD,DEF,DEF,15,88,23,68,383,6.005221932,2019,88.2,88.1,88.58333333
87,CalebDaniel12373,CDanielWBD,Western Bulldogs,GenD,MID,DEF,10,96,27,45,387.6,6.965944272,2019,95.6,95.8,95.85714286
88,CalebGraham12754,CGrahamGCS,Gold Coast,KeyD,DEF,DEF,3,46,12,14,339.9,3.530450132,2019,45.66666667,45.83333333,45.66666667
89,CalebMarchbank12369,CMarchbankCAR,Carlton,GenD,DEF,DEF,6,55,13,27,347,3.746397695,2019,55,59.16666667,56
90,CaleHooker11702,CHookerESS,Essendon,KeyD,DEF,DEF,11,73,18,50,381.6,4.716981132,2019,73.18181818,74.88461538,70.22222222
95,CallumMills12413,CMillsSYD,Sydney,GenD,DEF,DEF,15,76,18,68,371.7,4.842615012,2019,75.53333333,75.76666667,76.66666667
97,CallumWilkie12703,CWilkieSTK,St Kilda,GenD,DEF,DEF,15,61,14,68,388.7,3.601749421,2019,61.26666667,61.13333333,62.91666667
107,ChangkuothJiath12752,CJiathHAW,Hawthorn,GenF,FWD,DEF,2,54,14,9,376.5,3.718459495,2019,53.5,53.75,53.5
108,CharlieBallard12625,CBallardGCS,Gold Coast,GenD,MID,DEF,14,56,13,64,339.9,3.82465431,2019,55.85714286,55.92857143,58
115,ChrisBurgess12705,CBurgessGCS,Gold Coast,KeyD,DEF,DEF,11,37,9,50,339.9,2.647837599,2019,37,37,42.75
119,ChristianSalem12272,CSalemMEL,Melbourne,GenD,DEF,DEF,13,90,24,59,386.2,6.214396686,2019,89.69230769,90,86.5
122,ConnorBlakely12397,CBlakelyFRE,Fremantle,Mid,MID,DEF,13,75,20,59,363.1,5.508124484,2019,75.07692308,82.83333333,74.63636364
123,ConnorIdun12750,CIdunGWS,Greater Western Sydney,GenD,DEF,DEF,1,33,8,5,377.9,2.116962159,2019,33,33,33
126,ConorGlass12561,CGlassHAW,Hawthorn,GenD,DEF,DEF,6,52,14,27,376.5,3.718459495,2019,52.33333333,52.75,58
127,ConorMcKenna12391,CMcKennaESS,Essendon,GenD,DEF,DEF,14,73,21,64,381.6,5.503144654,2019,72.92857143,72.96428571,76.18181818
129,CoreyEllis12346,CEllisGCS,Gold Coast,GenD,MID,DEF,4,62,18,18,339.9,5.295675199,2019,62,62,62
135,DaneRampe12140,DRampeSYD,Sydney,GenD,DEF,DEF,14,86,21,64,371.7,5.649717514,2019,86.21428571,86.10714286,84.54545455
137,DanHouston12495,DHoustonPOR,Port Adelaide,GenD,DEF,DEF,14,83,22,64,375.5,5.85885486,2019,83.35714286,83.17857143,83.72727273
138,DanielHowe12360,DHoweHAW,Hawthorn,Mid,MID,DEF,8,63,15,36,376.5,3.984063745,2019,63.375,72.55555556,63.375
140,DanielMcKenzie12350,DMcKenzieSTK,St Kilda,GenD,MID,DEF,9,39,10,41,388.7,2.572678158,2019,39.44444444,47.11538462,35.28571429
143,DanielRich11725,DRichBRI,Brisbane Lions,GenD,DEF,DEF,15,88,22,68,373.5,5.890227577,2019,87.53333333,87.76666667,86.91666667
145,DanielTalia11989,DTaliaADE,Adelaide,KeyD,DEF,DEF,15,59,12,68,383,3.133159269,2019,58.8,58.9,58.33333333
148,DarcyByrne-Jones12422,DByrne-JonesPOR,Port Adelaide,NA,NA,DEF,15,89,24,68,375.5,6.391478029,2019,88.93333333,88.96666667,87.5
151,DarcyGardiner12267,DGardinerBRI,Brisbane Lions,KeyD,DEF,DEF,15,59,13,68,373.5,3.480589023,2019,59.13333333,59.73076923,57
154,DarcyMoore12372,DMooreCOL,Collingwood,GenD,FWD,DEF,9,51,13,41,399.2,3.256513026,2019,51,58.21428571,50.71428571
157,DarraghJoyce12654,DJoyceSTK,St Kilda,KeyD,DEF,DEF,2,49,16,9,388.7,4.116285053,2019,49,49,58
159,DavidAstbury11828,DAstburyRIC,Richmond,KeyD,DEF,DEF,13,51,13,59,366.8,3.544165758,2019,50.84615385,58.2,51.3
161,DavidMackay11634,DMackayADE,Adelaide,NA,NA,DEF,11,65,17,50,383,4.438642298,2019,65.27272727,66.88461538,65.22222222
171,DerekEggmolesse-Smith12741,DEggmolesse-SmithRIC,Richmond,NA,NA,DEF,2,58,18,9,366.8,4.907306434,2019,58,58,58
180,DylanGrimes11879,DGrimesRIC,Richmond,KeyD,DEF,DEF,15,53,12,68,366.8,3.271537623,2019,52.86666667,54.85714286,56.25
184,EastonWood11788,EWoodWBD,Western Bulldogs,KeyD,DEF,DEF,15,47,12,68,387.6,3.095975232,2019,47,53.59090909,47.91666667
190,EdVickers-Willis12524,EVickers-WillisNME,North Melbourne,NA,NA,DEF,1,-1,1,5,367.9,0.271812993,2019,-1,25.75,73
195,EthanHughes12395,EHughesFRE,Fremantle,KeyD,DEF,DEF,14,59,17,64,363.1,4.681905811,2019,59.28571429,62.90909091,62.18181818
196,FlynnAppleby12620,FApplebyCOL,Collingwood,GenD,DEF,DEF,1,25,7,5,399.2,1.753507014,2019,25,33.8,25
197,FrancisWatson12746,FWatsonWCE,West Coast,GenD,DEF,DEF,2,64,14,9,356.1,3.931479921,2019,64,64,64
201,GeorgeHorlin-Smith12053,GHorlin-SmithGCS,Gold Coast,NA,NA,DEF,4,44,10,18,339.9,2.942041777,2019,44.25,56.66666667,33
203,GriffinLogue12511,GLogueFRE,Fremantle,GenD,DEF,DEF,10,50,12,45,363.1,3.30487469,2019,50.1,50.05,50.1
205,HamishHartlett11740,HHartlettPOR,Port Adelaide,GenD,DEF,DEF,11,76,19,50,375.5,5.059920107,2019,76.36363636,80.25,76.36363636
206,HarrisAndrews12340,HAndrewsBRI,Brisbane Lions,KeyD,DEF,DEF,14,57,13,64,373.5,3.480589023,2019,57.07142857,61.18181818,52.54545455
208,HarryCunningham12015,HCunninghamSYD,Sydney,GenD,FWD,DEF,4,70,18,18,371.7,4.842615012,2019,70.25,73.4,66.33333333
213,HarryPetty12653,HPettyMEL,Melbourne,KeyD,DEF,DEF,9,50,9,41,386.2,2.330398757,2019,50.22222222,50.11111111,53.875
214,HarryTaylor11643,HTaylorGEE,Geelong,KeyD,FWD,DEF,14,52,13,64,380.1,3.420152591,2019,51.78571429,58.2,51.27272727
216,HaydenCrozier12088,HCrozierWBD,Western Bulldogs,GenD,FWD,DEF,14,69,16,64,387.6,4.127966976,2019,68.57142857,74.03846154,72.5
219,HeathShaw4132,HShawGWS,Greater Western Sydney,GenD,DEF,DEF,15,80,20,68,377.9,5.292405398,2019,79.93333333,84.23076923,78.25
221,HughGoddard12382,HGoddardCAR,Carlton,KeyD,DEF,DEF,2,25,6,9,347,1.729106628,2019,25,25,25
224,HunterClark12591,HClarkSTK,St Kilda,Mid,MID,DEF,11,84,23,50,388.7,5.917159763,2019,84.45454545,84.22727273,84.45454545
225,IsaacCumming12629,ICummingGWS,Greater Western Sydney,GenD,DEF,DEF,4,54,12,18,377.9,3.175443239,2019,54,54,49
227,IsaacQuaynor12740,IQuaynorCOL,Collingwood,GenD,DEF,DEF,4,61,14,18,399.2,3.507014028,2019,60.75,60.875,60.75
232,JackCrisp12061,JCrispCOL,Collingwood,GenD,DEF,DEF,15,101,27,68,399.2,6.763527054,2019,100.8,100.9,105
236,JackHenry12607,JHenryGEE,Geelong,KeyD,FWD,DEF,14,42,9,64,380.1,2.367797948,2019,42.28571429,48.21428571,44.54545455
238,JackHombsch12021,JHombschGCS,Gold Coast,KeyD,DEF,DEF,11,37,8,50,339.9,2.353633422,2019,36.81818182,40.4,37.5
240,JackLukosius12704,JLukosiusGCS,Gold Coast,KeyF,FWD,DEF,15,57,12,68,339.9,3.530450132,2019,56.66666667,56.83333333,59.58333333
243,JackMadgen12665,JMadgenCOL,Collingwood,GenD,DEF,DEF,4,44,11,18,399.2,2.755511022,2019,44,45.625,50.33333333
250,JackScrimshaw12565,JScrimshawHAW,Hawthorn,GenD,DEF,DEF,4,56,15,18,376.5,3.984063745,2019,56,56,57.5
254,JacksonNelson12328,JNelsonWCE,West Coast,GenD,DEF,DEF,11,48,12,50,356.1,3.369839933,2019,48.27272727,53,51
255,JacksonThurlow12185,JThurlowSYD,Sydney,GenD,MID,DEF,2,39,8,9,371.7,2.152273339,2019,39,52.75,39
256,JacksonTrengove11812,JTrengoveWBD,Western Bulldogs,KeyD,FWD,DEF,12,50,11,55,387.6,2.837977296,2019,49.75,60.76666667,53
260,JackWatts11765,JWattsPOR,Port Adelaide,GenF,FWD,DEF,2,80,20,9,375.5,5.326231691,2019,79.5,79.75,67
263,JacobDawson12648,JDawsonGCS,Gold Coast,Mid,MID,DEF,6,73,17,27,339.9,5.001471021,2019,72.66666667,72.83333333,72.66666667
267,JacobWeitering12402,JWeiteringCAR,Carlton,KeyD,DEF,DEF,13,56,12,59,347,3.458213256,2019,56.30769231,58.3,56.6
271,JakeCarlisle11871,JCarlisleSTK,St Kilda,KeyD,DEF,DEF,10,53,12,45,388.7,3.08721379,2019,52.8,64.81818182,52.8
272,JakeKelly12335,JKellyADE,Adelaide,GenD,DEF,DEF,15,66,16,68,383,4.177545692,2019,65.93333333,65.96666667,61.5
273,JakeKolodjashnij12370,JKolodjashnijGEE,Geelong,GenD,DEF,DEF,13,47,11,59,380.1,2.89397527,2019,47.30769231,52.84615385,47.9
274,JakeLever12351,JLeverMEL,Melbourne,KeyD,DEF,DEF,8,60,15,36,386.2,3.883997929,2019,59.875,66.45454545,59.875
275,JakeLloyd12268,JLloydSYD,Sydney,GenD,DEF,DEF,15,108,31,68,371.7,8.340059188,2019,107.5333333,107.7666667,104.4166667
277,JakeStein12735,JSteinGWS,Greater Western Sydney,KeyD,DEF,DEF,10,46,8,45,377.9,2.116962159,2019,46.4,46.2,46.4
283,JamesFrawley11575,JFrawleyHAW,Hawthorn,KeyD,DEF,DEF,15,50,12,68,376.5,3.187250996,2019,49.73333333,52.75,52.75
288,JamesSicily12332,JSicilyHAW,Hawthorn,GenD,DEF,DEF,15,78,20,68,376.5,5.312084993,2019,77.93333333,85.61111111,72.25
292,JamieMacmillan11862,JMacmillanNME,North Melbourne,NA,NA,DEF,11,68,19,50,367.9,5.164446861,2019,68.18181818,72,69.75
294,JarmanImpey12237,JImpeyHAW,Hawthorn,GenD,FWD,DEF,10,67,16,45,376.5,4.249667995,2019,67.2,68.1,66.71428571
298,JarrodBrander12646,JBranderWCE,West Coast,KeyF,FWD,DEF,1,48,8,5,356.1,2.246559955,2019,48,54.5,42
301,JarrodHarbrow11555,JHarbrowGCS,Gold Coast,GenD,DEF,DEF,14,69,19,64,339.9,5.589879376,2019,69.35714286,75.33333333,72.41666667
302,JarrodLienert12659,JLienertPOR,Port Adelaide,GenD,DEF,DEF,3,85,24,14,375.5,6.391478029,2019,85.33333333,85.16666667,54
306,JarrynGeary11630,JGearySTK,St Kilda,GenD,DEF,DEF,3,56,17,14,388.7,4.373552869,2019,56.33333333,66.38461538,69
307,JasonCarter12749,JCarterFRE,Fremantle,GenD,DEF,DEF,2,38,9,9,363.1,2.478656018,2019,38.5,38.25,38.5
309,JasonJohannisen12122,JJohannisenWBD,Western Bulldogs,GenD,DEF,DEF,13,81,22,59,387.6,5.675954592,2019,80.61538462,80.80769231,78.81818182
310,JasperPittard11885,JPittardNME,North Melbourne,GenD,DEF,DEF,15,65,17,68,367.9,4.620820875,2019,65.2,69.75,64.25
313,JaydenShort12418,JShortRIC,Richmond,GenD,DEF,DEF,11,77,20,50,366.8,5.452562704,2019,76.54545455,78.53333333,75.9
317,JedBews12278,JBewsGEE,Geelong,GenF,DEF,DEF,9,50,11,41,380.1,2.89397527,2019,50.44444444,50.22222222,50.44444444
321,JeremyHowe11967,JHoweCOL,Collingwood,GenD,DEF,DEF,12,73,17,55,399.2,4.258517034,2019,73.33333333,91.5,74.66666667
322,JeremyMcGovern12273,JMcGovernWCE,West Coast,KeyD,DEF,DEF,14,67,15,64,356.1,4.212299916,2019,66.78571429,74.23333333,68.45454545
324,JesseJoyce12449,JJoyceGCS,Gold Coast,Mid,MID,DEF,10,65,16,45,339.9,4.707266843,2019,64.6,64.8,63.375
325,JimmyWebster12188,JWebsterSTK,St Kilda,GenD,DEF,DEF,2,58,20,9,388.7,5.145356316,2019,58.5,66.75,57
326,JoelGarner12725,JGarnerPOR,Port Adelaide,GenD,DEF,DEF,3,43,12,14,375.5,3.195739015,2019,43.33333333,43.16666667,43.33333333
327,JoelHamling12359,JHamlingFRE,Fremantle,KeyD,DEF,DEF,15,48,11,68,363.1,3.029468466,2019,48.46666667,55.18181818,53.41666667
329,JohnNoble12743,JNobleCOL,Collingwood,Mid,MID,DEF,3,68,19,14,399.2,4.759519038,2019,67.66666667,67.83333333,67.66666667
332,JonathonMarsh12386,JMarshSTK,St Kilda,KeyD,DEF,DEF,3,35,8,14,388.7,2.058142526,2019,34.66666667,34.83333333,27.5
334,JordanDawson12516,JDawsonSYD,Sydney,GenD,FWD,DEF,13,79,19,59,371.7,5.111649179,2019,79.07692308,79.03846154,84.4
339,JordanMurdoch12099,JMurdochGCS,Gold Coast,GenD,MID,DEF,7,57,13,32,339.9,3.82465431,2019,56.71428571,66.6,59.5
340,JordanRidley12631,JRidleyESS,Essendon,GenD,DEF,DEF,1,57,14,5,381.6,3.668763103,2019,57,68.5,33
341,JordanRoughead11833,JRougheadCOL,Collingwood,KeyD,RU,DEF,15,59,13,68,399.2,3.256513026,2019,59.46666667,63.76923077,61.25
342,JoshBattle12558,JBattleSTK,St Kilda,GenD,FWD,DEF,12,65,14,55,388.7,3.601749421,2019,65.41666667,65.20833333,64.66666667
354,JoshRotham12709,JRothamWCE,West Coast,KeyD,DEF,DEF,2,53,12,9,356.1,3.369839933,2019,53,53,53
359,JoshWagner12424,JWagnerMEL,Melbourne,GenF,DEF,DEF,6,62,17,27,386.2,4.401864319,2019,62,62,56.5
366,KadeSimpson1456,KSimpsonCAR,Carlton,GenD,DEF,DEF,14,83,22,64,347,6.340057637,2019,83,90.75,82.25
375,KyleHartigan6623,KHartiganADE,Adelaide,KeyD,DEF,DEF,12,46,11,55,383,2.872062663,2019,45.5,50.38888889,45.09090909
379,LachieHenderson11637,LHendersonGEE,Geelong,KeyD,DEF,DEF,4,55,14,18,380.1,3.683241252,2019,55.25,65,55.25
382,LachiePlowman12142,LPlowmanCAR,Carlton,KeyD,DEF,DEF,15,59,14,68,347,4.034582133,2019,59.4,59.2,58.83333333
384,LachieWeller12385,LWellerGCS,Gold Coast,Mid,DEF,DEF,14,81,22,64,339.9,6.472491909,2019,80.85714286,80.92857143,83
386,LachieYoung12717,LYoungWBD,Western Bulldogs,KeyD,DEF,DEF,2,48,10,9,387.6,2.57997936,2019,48,48,64
387,LachlanKeeffe11991,LKeeffeGWS,Greater Western Sydney,KeyD,DEF,DEF,9,44,8,41,377.9,2.116962159,2019,43.77777778,43.88888889,39.57142857
392,LeviCasboult12114,LCasboultCAR,Carlton,KeyD,FWD,DEF,13,71,12,59,347,3.458213256,2019,70.84615385,76.5,72.27272727
393,LeviGreenwood11745,LGreenwoodCOL,Collingwood,Mid,MID,DEF,11,65,16,50,399.2,4.008016032,2019,65,67.05555556,62.22222222
394,LewisJetta11804,LJettaWCE,West Coast,Mid,MID,DEF,14,62,17,64,356.1,4.773939905,2019,61.92857143,77,61.66666667
395,LewisMelican12526,LMelicanSYD,Sydney,KeyD,DEF,DEF,13,48,11,59,371.7,2.959375841,2019,47.69230769,49,48.3
398,LewisYoung12559,LYoungWBD,Western Bulldogs,KeyD,DEF,DEF,6,57,13,27,387.6,3.353973168,2019,57.33333333,57.16666667,57.33333333
399,LiamBaker12661,LBakerRIC,Richmond,GenF,FWD,DEF,10,66,17,45,366.8,4.634678299,2019,66.1,66.05,57.375
401,LiamDuggan12334,LDugganWCE,West Coast,GenD,MID,DEF,9,64,15,41,356.1,4.212299916,2019,63.66666667,73.5,66.66666667
402,LiamJones11866,LJonesCAR,Carlton,KeyD,DEF,DEF,8,44,9,36,347,2.593659942,2019,43.5,49,42.71428571
405,LiamStocker12721,LStockerCAR,Carlton,Mid,MID,DEF,2,42,12,9,347,3.458213256,2019,42,42,24
409,LukeBrown12106,LBrownADE,Adelaide,GenD,DEF,DEF,13,60,15,59,383,3.916449086,2019,59.69230769,59.84615385,60.72727273
414,LukeMcDonald12246,LMcDonaldNME,North Melbourne,GenD,MID,DEF,9,63,16,41,367.9,4.349007883,2019,62.55555556,75.3,64.33333333
416,LukeRyan12542,LRyanFRE,Fremantle,GenD,DEF,DEF,11,74,18,50,363.1,4.957312035,2019,73.72727273,74.80769231,71.125
422,MarcusAdams12409,MAdamsBRI,Brisbane Lions,KeyD,DEF,DEF,8,49,11,36,373.5,2.945113788,2019,49.375,61.83333333,49.375
425,MarkBlicavs12153,MBlicavsGEE,Geelong,GenD,MID,DEF,15,70,14,68,380.1,3.683241252,2019,69.6,77.9,71.91666667
428,MarleyWilliams12084,MWilliamsNME,North Melbourne,GenD,DEF,DEF,15,56,17,68,367.9,4.620820875,2019,55.53333333,57.23333333,54.16666667
429,MartinGleeson12240,MGleesonESS,Essendon,GenD,DEF,DEF,9,58,17,41,381.6,4.454926625,2019,58,62.03571429,58
430,MartyHore12694,MHoreMEL,Melbourne,GenD,DEF,DEF,8,48,13,36,386.2,3.366131538,2019,48,48,44.66666667
432,MasonRedman12437,MRedmanESS,Essendon,GenD,DEF,DEF,13,70,18,59,381.6,4.716981132,2019,69.61538462,76,71.63636364
435,MattBuntine12082,MBuntineGWS,Greater Western Sydney,GenD,DEF,DEF,3,59,12,14,377.9,3.175443239,2019,59,59,59
444,MattScharenberg12384,MScharenbergCOL,Collingwood,KeyD,DEF,DEF,7,52,15,32,399.2,3.75751503,2019,51.57142857,64.9,51.57142857
445,MattSuckling11718,MSucklingWBD,Western Bulldogs,GenD,DEF,DEF,14,86,21,64,387.6,5.417956656,2019,85.57142857,85.78571429,87.27272727
450,MichaelHibberd11938,MHibberdMEL,Melbourne,GenD,DEF,DEF,13,62,18,59,386.2,4.660797514,2019,62.46153846,77.11538462,61.63636364
451,MichaelHurley11715,MHurleyESS,Essendon,KeyD,DEF,DEF,11,74,18,50,381.6,4.716981132,2019,74.45454545,84.42307692,73.25
464,NathanBroad12456,NBroadRIC,Richmond,GenD,DEF,DEF,14,49,12,64,366.8,3.271537623,2019,48.92857143,54.92857143,52.63636364
465,NathanBrown11627,NBrownSTK,St Kilda,KeyD,DEF,DEF,10,33,8,45,388.7,2.058142526,2019,33.1,33.05,34.25
467,NathanJones2447,NJonesMEL,Melbourne,Mid,MID,DEF,15,70,20,68,386.2,5.178663905,2019,69.86666667,88.05555556,67.83333333
469,NathanWilson12024,NWilsonFRE,Fremantle,GenD,DEF,DEF,11,64,18,50,363.1,4.957312035,2019,64.18181818,67.53571429,59
470,NevilleJetta11723,NJettaMEL,Melbourne,GenD,DEF,DEF,5,42,10,23,386.2,2.589331952,2019,41.6,52.83333333,43
472,NickCoffield12608,NCoffieldSTK,St Kilda,GenD,MID,DEF,8,60,15,36,388.7,3.859017237,2019,59.5,59.75,62.85714286
473,NickHaynes12091,NHaynesGWS,Greater Western Sydney,GenD,DEF,DEF,12,79,18,55,377.9,4.763164858,2019,79.25,82,80.7
478,NickVlastuin12174,NVlastuinRIC,Richmond,GenD,DEF,DEF,15,75,19,68,366.8,5.179934569,2019,75,77.16666667,77.08333333
480,NicNewman12508,NNewmanCAR,Carlton,GenD,MID,DEF,15,95,21,68,347,6.051873199,2019,95.2,95.1,95.08333333
481,NoahAnswerth12718,NAnswerthBRI,Brisbane Lions,GenD,DEF,DEF,13,58,12,59,373.5,3.212851406,2019,57.84615385,58.5,58.54545455
490,OscarMcDonald12394,OMcDonaldMEL,Melbourne,GenD,DEF,DEF,7,37,9,32,386.2,2.330398757,2019,37,49.76666667,40.5
495,PatrickAmbrose12239,PAmbroseESS,Essendon,GenD,DEF,DEF,12,47,10,55,381.6,2.620545073,2019,46.66666667,50.66666667,49.77777778
502,PaulAhern12642,PAhernNME,North Melbourne,Mid,MID,DEF,5,65,20,23,367.9,5.436259853,2019,65.2,66.77272727,65.2
505,PearceHanley11704,PHanleyGCS,Gold Coast,Mid,MID,DEF,11,76,20,50,339.9,5.884083554,2019,76.45454545,77.25,78.9
509,PhilDavis11825,PDavisGWS,Greater Western Sydney,KeyD,DEF,DEF,14,63,14,64,377.9,3.704683779,2019,63.28571429,63.14285714,62.54545455
518,RileyBonner12483,RBonnerPOR,Port Adelaide,GenD,DEF,DEF,14,69,18,64,375.5,4.793608522,2019,69.42857143,71.5,67.25
521,RobbieFox12510,RFoxSYD,Sydney,GenF,DEF,DEF,8,52,12,36,371.7,3.228410008,2019,52,52,53
524,RobbieTarrant11859,RTarrantNME,North Melbourne,KeyD,DEF,DEF,15,61,15,68,367.9,4.07719489,2019,60.73333333,67.32142857,62.16666667
527,RoryLaird12165,RLairdADE,Adelaide,GenD,DEF,DEF,15,96,28,68,383,7.310704961,2019,96.2,103.0769231,94.66666667
533,RyanBurton12477,RBurtonPOR,Port Adelaide,GenD,DEF,DEF,10,76,21,45,375.5,5.592543276,2019,76.4,80.61538462,73.625
536,RyanGarthwaite12647,RGarthwaiteRIC,Richmond,MF,FWD,DEF,4,37,8,18,366.8,2.181025082,2019,37.25,43,56
537,RyanLester11894,RLesterBRI,Brisbane Lions,GenD,MID,DEF,5,58,11,23,373.5,2.945113788,2019,58,63.66666667,53
539,RyleyStoddart12638,RStoddartSYD,Sydney,GenD,DEF,DEF,2,17,6,9,371.7,1.614205004,2019,17,25.5,17
540,SamCollins12444,SCollinsGCS,Gold Coast,KeyD,DEF,DEF,2,48,12,9,339.9,3.530450132,2019,48.5,53,76
542,SamDurdin12515,SDurdinNME,North Melbourne,GenD,DEF,DEF,9,37,9,41,367.9,2.446316934,2019,36.77777778,44,36.77777778
548,SamPetrevski-Seton12487,SPetrevski-SetonCAR,Carlton,NA,NA,DEF,15,78,18,68,347,5.187319885,2019,77.66666667,77.83333333,75.16666667
554,SamTaylor12644,STaylorGWS,Greater Western Sydney,KeyD,DEF,DEF,11,44,11,50,377.9,2.910822969,2019,43.54545455,43.77272727,39.88888889
566,ShaneEdwards11557,SEdwardsRIC,Richmond,MF,MID,DEF,14,72,22,64,366.8,5.997818975,2019,72.21428571,72.10714286,73.63636364
568,ShaneSavage11793,SSavageSTK,St Kilda,GenD,DEF,DEF,15,71,17,68,388.7,4.373552869,2019,70.66666667,77.22727273,73.58333333
569,ShannonHurn4162,SHurnWCE,West Coast,KeyD,DEF,DEF,12,82,20,55,356.1,5.616399888,2019,81.5,88,82.11111111
570,ShaunAtley11902,SAtleyNME,North Melbourne,GenD,DEF,DEF,14,63,19,64,367.9,5.164446861,2019,62.85714286,65.9,60.72727273
571,ShaunBurgoyne1126,SBurgoyneHAW,Hawthorn,GenD,DEF,DEF,15,69,16,68,376.5,4.249667995,2019,68.86666667,76.4,71.16666667
577,StephenHill11716,SHillFRE,Fremantle,Mid,MID,DEF,3,38,12,14,363.1,3.30487469,2019,37.66666667,57.10714286,37.66666667
579,StevenMay11940,SMayMEL,Melbourne,KeyD,DEF,DEF,8,57,15,36,386.2,3.883997929,2019,57.375,67.36363636,57.375
581,SydneyStack12708,SStackRIC,Richmond,Mid,MID,DEF,10,71,18,45,366.8,4.907306434,2019,71.4,71.2,70.875
583,TaylinDuman12615,TDumanFRE,Fremantle,GenD,DEF,DEF,10,67,16,45,363.1,4.406499587,2019,67.2,71.33333333,65.25
585,TaylorDuryea12163,TDuryeaWBD,Western Bulldogs,GenD,DEF,DEF,11,77,19,50,387.6,4.901960784,2019,77.09090909,77.04545455,79.7
600,TomBarrass12383,TBarrassWCE,West Coast,KeyD,DEF,DEF,10,53,11,45,356.1,3.089019938,2019,53.1,63.5,53.55555556
604,TomClurey12238,TClureyPOR,Port Adelaide,KeyD,DEF,DEF,14,59,13,64,375.5,3.462050599,2019,59.28571429,59.14285714,60.54545455
605,TomCole12446,TColeWCE,West Coast,GenD,DEF,DEF,7,58,11,32,356.1,3.089019938,2019,58,58,73.5
606,TomDoedee12583,TDoedeeADE,Adelaide,KeyD,DEF,DEF,1,38,8,5,383,2.088772846,2019,38,56.57692308,63
610,TomJonas12002,TJonasPOR,Port Adelaide,KeyD,DEF,DEF,15,64,16,68,375.5,4.260985353,2019,64.26666667,67.63636364,62.41666667
611,TomLangdon12233,TLangdonCOL,Collingwood,GenD,DEF,DEF,2,80,16,9,399.2,4.008016032,2019,79.5,79.75,94
622,TomStewart12505,TStewartGEE,Geelong,GenD,DEF,DEF,15,94,23,68,380.1,6.0510392,2019,94.2,94.1,95.91666667
630,TrentMcKenzie11912,TMcKenziePOR,Port Adelaide,GenD,DEF,DEF,1,70,21,5,375.5,5.592543276,2019,70,70,70
632,WayneMilera12405,WMileraADE,Adelaide,GenD,MID,DEF,14,77,18,64,383,4.699738903,2019,77.07142857,78.53571429,74.36363636
639,WillSchofield11605,WSchofieldWCE,West Coast,KeyD,DEF,DEF,8,37,9,36,356.1,2.527379949,2019,37.125,37.0625,38.16666667
644,ZacBailey12610,ZBaileyBRI,Brisbane Lions,Mid,MID,DEF,11,54,13,50,373.5,3.480589023,2019,54.27272727,54.13636364,53.9
649,ZachTuohy11973,ZTuohyGEE,Geelong,GenD,DEF,DEF,12,70,19,55,380.1,4.998684557,2019,70.16666667,75.3,70
652,ZacWilliams12175,ZWilliamsGWS,Greater Western Sydney,GenD,DEF,DEF,13,99,25,59,377.9,6.615506748,2019,99.46153846,99.23076923,102.1666667
653,ZaineCordy12392,ZCordyWBD,Western Bulldogs,KeyD,DEF,DEF,15,42,10,68,387.6,2.57997936,2019,41.53333333,49,41.66666667
